Title,url,year
Thibault & Nicole Ramirez - Routines - Budafest 2025,https://www.youtube.com//watch?v=00nG8PS9PW4,2025
Poker Face - CHOREO CAMP 2025 - Instructor Demo,https://www.youtube.com//watch?v=iOCVRefxRdg,2025
Sean & Alyssa - CHOREO CAMP 2025 -Instructor Demo/Group 2,https://www.youtube.com//watch?v=lb1qBe1bhJ4,2025
Ben Morris & Victoria Henk - CHOREO CAMP 2025 - Instructor Show,https://www.youtube.com//watch?v=H-FgPa-qhgk,2025
Routines in the Night - Thibault and Nicole Ramirez Choreography - Choreo Camp 2025,https://www.youtube.com//watch?v=ydbrnNYou5M,2025
Ben Morris & Victoria Henk - CHOREO CAMP 2025 - Group 3 West Coast Swing Choreo,https://www.youtube.com//watch?v=QJb5zx1eZBQ,2025
Move It On Over - SEAN & ALYSSA - Choreo Camp 2025,https://www.youtube.com//watch?v=y4omPO2t_4c,2025
Thibault & Nicole Ramirez - CHOREO CAMP 2025 - Group 3 West Coast Swing Choreo,https://www.youtube.com//watch?v=Zdv54LA0wTc,2025
Spotlight New Year's Celebration 2024/2025 Invitational Jack & Jill Jesse Lopez & Derek Leyva,https://www.youtube.com//watch?v=2mbPu81IDwc,"2024, 2025"
GGP 2024 - SHOWCASE - Nataliya & Kevin KANE - 1st place,https://www.youtube.com//watch?v=o24FNjJ6prs,2024
Chantelle & Joel | 2nd Place Showcase Division | The Open 2024,https://www.youtube.com//watch?v=GhcKX-0Fbv4,2024
Jaden Pfeiffer & Mackenzie Keister | 6th Place Showcase | The Open Swing Dance Championship 2024,https://www.youtube.com//watch?v=0fjV6blL5kE,2024
Thibault and Nicole Ramirez - 1st Place Showcase - The Open Swing Dance Championships 2024,https://www.youtube.com//watch?v=am3PmylTbDg,2024
Jordan Frisbee & Maria Elizarova - Invitational Jack&Jill - Budafest 2024 [FULL EXTENDED],https://www.youtube.com//watch?v=oXYdFfYVP3k,2024
Ben Morris - CHOREO CAMP 2024 - Level 2 Select Group,https://www.youtube.com//watch?v=I66tNoGRdVE,2024
Devin Wilson & Maria Bileychik - 3rd Place Rising Star - The Open 2024,https://www.youtube.com//watch?v=QTlXWj2HEfc,2024
LÃ©o et Marine Karellis 2024  west coast,https://www.youtube.com//watch?v=pa9ENaUZHsQ,2024
JoÃ£o Parada & Savana Barreau - Routines - Budafest 2024,https://www.youtube.com//watch?v=nu7CywNeW2E,2024
The Open 2024 - Classic Finals - Larisa Tingle & Joel Torgeson,https://www.youtube.com//watch?v=9CaFQ37-bxg,2024
FIX Reflux/GERD Naturally (and Cheaply...) 2024,https://www.youtube.com//watch?v=V1pj07mF574,2024
Robert Royston & Laureen Baldovi - WoW Show - SwingTime Denver 2024,https://www.youtube.com//watch?v=l3bZwv5YOAQ,2024
Hugo Miguez & Stacy Kay - The Open 2024 Classic Division Prelims,https://www.youtube.com//watch?v=9iMhHQkhfMI,2024
Thibault & Nicole Ramirez - WoW Show - SwingTime Denver 2024,https://www.youtube.com//watch?v=Nzn2kO8MX2w,2024
The Open West Coast Swing World Championships 2024 CLASSIC 2nd place - Sean & Alyssa McKeever,https://www.youtube.com//watch?v=nFdQSMlCFTU,2024
Christopher Dumond & Larisa Tingle - WoW Show - SwingTime Denver 2024,https://www.youtube.com//watch?v=kP-k4LiuaH0,2024
GGP 2024 - CLASSIC - Bryn ANDERSON & KP RUTLAND - 2nd place,https://www.youtube.com//watch?v=f0H9tglhZq0,2024
Jakub Jakoubek & Emeline Rochefeuille - WoW Show - SwingTime Denver 2024,https://www.youtube.com//watch?v=FpRaO3akFtU,2024
Swing Fling 2024 Superstar Show Jesse Lopez & Ariel Peck,https://www.youtube.com//watch?v=SXwOnGISfd0,2024
Swingtacular Show 2024 | Mr. Nice Guy | Chantelle & Joel,https://www.youtube.com//watch?v=BxNuncCT018,2024
1st Place Team Division - US Open 2024 - Â«Â Gaga OulalaÂ Â»,https://www.youtube.com//watch?v=4EcR-f1etzQ,2024
Maxime & Torri Zzaoui - WoW Show - SwingTime Denver 2024,https://www.youtube.com//watch?v=VGSiTj30UBE,2024
Liberty Swing 2024 Johnvitational Sean McKeever & Victoria Henk,https://www.youtube.com//watch?v=UdQ48JTbzKE,2024
Sean McKeever & Alyssa Glanville - WoW Show - SwingTime Denver 2024,https://www.youtube.com//watch?v=bnMa2TLk1vw,2024
Jakub Jakoubek & Emeline Rochefeuille - 1st Place Classic Division - The Open 2024,https://www.youtube.com//watch?v=oo0mfYZdTN8,2024
Christopher Dumond & Chantelle Pianetta | Classic Division Finalist | The Open 2024,https://www.youtube.com//watch?v=GrDQ648rpEM,2024
GGP 2024 - CLASSIC - Alyssa & Sean McKEEVER - 1st place,https://www.youtube.com//watch?v=ah2PaB9w0P8,2024
AWCSO 2024 Performance & Routine - Mackenzie Sharp & Raushaniya Maksudova,https://www.youtube.com//watch?v=lFhVlLtk7FQ,2024
Capital Swing Classic 2024 Conor McClure And Lisa Picard,https://www.youtube.com//watch?v=ldTFTNUMYd8,2024
"Swingtacular 2024 ""Childlike, Wildlike"" RoutinesiveW/ Kyle Redd & Sarah Vann Drake",https://www.youtube.com//watch?v=q9bvEoq4oF0,2024
FOWCS 2024 - 4 FUN - Engage Et Nous - 2nd place,https://www.youtube.com//watch?v=Sc980e3huWY,2024
Teddy SANCHEZ & DianÃ©va POIRSON 5th Place Showcase | The Open Swing 2024,https://www.youtube.com//watch?v=ypW3ldwPY6s,2024
Showtime/Thibault & Emeline - Korean Open WCS Championship 2024,https://www.youtube.com//watch?v=Ch9h-5HswVI,2024
OPEN 2024 Sophisticated Doug Rousar and Elise Herman,https://www.youtube.com//watch?v=bni9Y3V14y0,2024
Teddy SANCHEZ & DianÃ©va POIRSON 3rd Place Showcase | The Open Swing 2023,https://www.youtube.com//watch?v=_3sTFCvLz_8,2023
The Chicago Classic 2023 - Classic - Sean McKeever & Alyssa Glanville,https://www.youtube.com//watch?v=Ag87fc4KU8E,2023
KP Rutland & Bryn Anderson - 2nd Place Classic - The Open 2023,https://www.youtube.com//watch?v=0gHTKHNFF04,2023
FOWCS 2023 - YOUNG ADULT ROUTINE - Charlie FOURNIER & Lewis GRAND,https://www.youtube.com//watch?v=fEgOF71fITc,2023
SEAN & ALYSSA - Swing Choreo - CHOREO CAMP 2023,https://www.youtube.com//watch?v=vv33zFCe-VU,2023
THE OPEN 2023 - Rising Star - NoÃ© Roche & Cyndie Petit,https://www.youtube.com//watch?v=UCKM_i4gTjw,2023
THE Open 2023 - Philippe and Flore Berne - Pregnancy Classic Routine,https://www.youtube.com//watch?v=vcuCXEK8l9I,2023
West Coast Swing Classic Routine - Joel Torgeson & Larisa Tingle - US Open 2023 6th place,https://www.youtube.com//watch?v=-xZHNd5huYA,2023
FOWCS 2023 - YOUNG ADULT ROUTINE - Lise Marie AICI MIRA & MattÃ©o BERNARDI - 3rd place,https://www.youtube.com//watch?v=mZVat0y7vs4,2023
Jakub Jakoubek & Emeline Rochefeuille - Classic 3rd Place - The Open 2023,https://www.youtube.com//watch?v=PGlNXhx2LMY,2023
Showcase West Coast Swing - Lionel & Amandine Giannone | NOW 2023,https://www.youtube.com//watch?v=V-dYzYI3avM,2023
FOWCS 2023 - YOUNG ADULT ROUTINE - Nina PERGA & Diego DAQUIN - 1st place,https://www.youtube.com//watch?v=Z-MxeOZ7RVc,2023
MADjam 2023 Rising Star Edem Attikese & Jes Ann Nail,https://www.youtube.com//watch?v=9dOsoosxjyM,2023
"PJ Turner and Mia Pastor 2023 Showcase The Open 2nd Place ""Bad to the Bone""",https://www.youtube.com//watch?v=-BIymAGJl24,2023
Tschen Fung Wang & Stella Maria Schletterer -  2nd place All-Stars J&J - Westie Spring Thing 2023,https://www.youtube.com//watch?v=SHKdKtDySw4,2023
Jaden Pfeiffer & Mackenzie Keister |1st Place Rising Star| The Open Swing Dance Championships 2023,https://www.youtube.com//watch?v=uM8wjK-CygM,2023
US Open Rising Star 2023 - Brad Gallow and Mirabella Gibson,https://www.youtube.com//watch?v=uZoyyB1K4Q0,2023
FOWCS 2023 - JUNIOR ROUTINE - Billie MASSART & Tommy DAQUIN - 2nd place,https://www.youtube.com//watch?v=M_m3MPxEW7g,2023
FOWCS 2023 - JUNIOR ROUTINE - Elisa MORIN & Mikele DA SILVA BOIS - 1st place,https://www.youtube.com//watch?v=D2AfvrSrbC8,2023
FOWCS 2023 - YOUNG ADULT ROUTINE - Gabriel VOLPEI & Mathias MESTRE - 2nd place,https://www.youtube.com//watch?v=pQxiZpGJFuM,2023
"Kevin + Nataliya Kane 5th Place Showcase division ""The Open Swing Dance Championship"" 2023",https://www.youtube.com//watch?v=-Khc21t4IIs,2023
Jakub Jakoubek & Emeline Rochefeuille - TikTok Challenge - 5280 Westival 2023,https://www.youtube.com//watch?v=bSiFuEn1RcY,2023
Sean McKeever & Alyssa Glanville - W.O.W. World of West Coast Swing - SwingTime 2023,https://www.youtube.com//watch?v=FcMh2NhEYow,2023
KP Rutland & Bryn Anderson - W.O.W. World of West Coast Swing - SwingTime 2023,https://www.youtube.com//watch?v=2pAbUFUP9mY,2023
Thibault and Nicole Ramirez - Showcase Champions 2023 - The Open Swing Dance Championships,https://www.youtube.com//watch?v=hFjTChYOpG0,2023
Capital Swing 2023 All-Stars JnJ - Hannah Guttman & Samantha Buckwalter,https://www.youtube.com//watch?v=dmlHh_cniUo,2023
The Chicago Classic 2023 - Jack & Jill Champion Finals - Matt Auclair & Emily Huang,https://www.youtube.com//watch?v=b1LAu1baREE,2023
Chantelle Pianetta & Joel Torgeson | Showcase Routine | The Open 2023 | West Coast Swing,https://www.youtube.com//watch?v=b384q4bHRBA,2023
GGP 2023 - SHOWCASE - Nicole & Thibault RAMIREZ - 1st place,https://www.youtube.com//watch?v=KuVLp7fJxDk,2023
The Austin 8 Team- The US OPEN 2023 Winners,https://www.youtube.com//watch?v=cQzLbQHA9TM,2023
DCSX 2022 Rising Star Kyle FitzGerald & Danika Dahl,https://www.youtube.com//watch?v=wrcV3RkNMnw,2022
"Jakub Jakoubek & Cameo McHenry ""The Sound of Silence"" - The After Party TAP 2022",https://www.youtube.com//watch?v=xqEaHw-1_Fo,2022
OPEN 2022  - Showcase  - Larisa Tingle and Stephen White,https://www.youtube.com//watch?v=XGfM1ynH-hY,2022
"""Get Right"" Unit Dance Festival 2022 - Thibault & Nicole (Ultimate Choreography)",https://www.youtube.com//watch?v=IJ71erd7KKw,2022
"Thiault Ramirez & Nicole Ramirez (Clonch) ""Rule The World"" - Routines - SwingVester 2022/23",https://www.youtube.com//watch?v=y6oHXKOa3qM,2022
West Coast Swing Routine - Ben Morris & Laureen Baldovi - Stagecoach Country Festival Honkytonk 2022,https://www.youtube.com//watch?v=CnG62APYl5A,2022
Swing Fling 2022 Superstar Show Bonnie Cannon & JÃ©rome Subey,https://www.youtube.com//watch?v=CAJVhwFWByY,2022
Ats Nisov & Emeline Rochefeuille - Revolutionary Jack&Jill - Berlin Swing Revolution 2022,https://www.youtube.com//watch?v=Px8WgXDpwr8,2022
"Kyle FitzGerald & Danika Dahl ""Avalon"" - Rising Star - 1st Place - The Open 2022",https://www.youtube.com//watch?v=KSuLL9WMv10,2022
OPEN 2022   1ST PLACE   CABARET   Alyenendrov Tsorokean and Maria Tsorokean,https://www.youtube.com//watch?v=ghw9iQaegcw,2022
OPEN 2022 Classic Division - Larisa Tingle and Christopher Dumond,https://www.youtube.com//watch?v=GhSk0ZHTywg,2022
Philipp Wolff & Igor Pitangui - 1st place Jack&Jill All-Stars/Champions final - Budafest 2022,https://www.youtube.com//watch?v=F8yV_35MQPw,2022
US Open 2022 Showcase Kevin and Nataliya Kane 5th place,https://www.youtube.com//watch?v=N7NZUMdSwks,2022
Westie Pink City 2022 - J&J ALL STARS Finals - Igor PITANGUI & LÃ©o LORENZO - 2nd place,https://www.youtube.com//watch?v=s7MqUc6VMx4,2022
The Chicago Classic 2022 - CLASSIC - Hugo Miguez & Stacy Kay,https://www.youtube.com//watch?v=DxqP3wF0iYQ,2022
Jakub Jakoubek & Emeline Rochefeuille - Classic 3rd Place - The Open 2022,https://www.youtube.com//watch?v=g0q4Jdz6hzA,2022
Joao Parada & Savana Barreau - Classic Pro final - Global Grand Prix 2022,https://www.youtube.com//watch?v=e_ksrIpFyXw,2022
"Maxence Martin & Emeline Rochefeuille ""How Long"" - DJ Battle  - The After Party 2022",https://www.youtube.com//watch?v=GcLqRQlwHx4,2022
JoÃ£o Parada & Savana Barreau - Classic The Open 2022,https://www.youtube.com//watch?v=Kt25_VQ9dCg,2022
Swing Dance America 2022. ROUTINE SWING - SHOWCASE Gregory & Lemery Rollinscott.,https://www.youtube.com//watch?v=O4xTMY1VGCE,2022
The Chicago Classic 2022 - SHOWCASE - Glenn Ball & Emily Huang (Redux),https://www.youtube.com//watch?v=vSw6cu9DWmg,2022
Hugo Miguez & Stacy Kay - Classic Division - The Open 2022,https://www.youtube.com//watch?v=xmbulgF-vIQ,2022
The Chicago Classic 2022 - SHOWCASE - Joel Torgeson & Chantelle Pianetta (Redux),https://www.youtube.com//watch?v=jSaSim3_sDM,2022
The Chicago Classic 2022 - Showcase - Joel Torgeson & Chantelle Pianetta,https://www.youtube.com//watch?v=bLP9HNzL-QM,2022
LaszlÃ³ TÃ¡rkanyi & Melodie Paletta - Strictly Open Finals - Bavarian Open 2022,https://www.youtube.com//watch?v=u14_zLisgwc,2022
my baby don't care :  Impro d'Inga & Browly at King Swing 2022,https://www.youtube.com//watch?v=dLKlbT9grnw,2022
Thibault Ramirez & Torri Smith Zzaoui - 1st place Champions Jack&Jill - The Open 2022,https://www.youtube.com//watch?v=lL3MEeM7-PU,2022
Swingtacular 2022 All Star/Champs JnJ - JT Anderson & Mia Primavera 2nd Place,https://www.youtube.com//watch?v=qMpVxbLPpIE,2022
Ben McHenry & Cameo McHenry - W.O.W. World of West Coast Swing - SwingTime 2022,https://www.youtube.com//watch?v=jKhAyAPqESE,2022
Jakub Jakoubek & Emeline Rochefeuille - Ocean - Eurodance Festival 2022,https://www.youtube.com//watch?v=EwRlPY9L8sU,2022
"Attila Kobori & Stella Maria Schletterer feat. ""A Little Night Music"" Mozart - Swing Generation 2022",https://www.youtube.com//watch?v=J60ZW6VamPA,2022
"Raphael Ettedgui & Clement Turpain ""Control"" - Switch Routine - Berlin Swing Revolution 2022",https://www.youtube.com//watch?v=_UF-Zi4sPts,2022
Liberty Swing 2022 Johnvitational  Glenn Ball & Lemery Rollinscott,https://www.youtube.com//watch?v=7CbAz7cShyo,2022
KP Rutland & Bryn Anderson - 2nd place Classic Pro final - Global Grand Prix 2022,https://www.youtube.com//watch?v=ZYzOEgWxeqE,2022
"Gary McIntyre, Susan Kirklin, Glenn Ball & Emily Huang - FP NYE 2022 Pro Show",https://www.youtube.com//watch?v=X9uJZXyzOZI,2022
"Joel Torgeson & Victoria Henk ""edamame"" - 3rd place Champions Jack&Jill - SwingTime 2022",https://www.youtube.com//watch?v=X9F9tPGJDjo,2022
LÃ©o Lorenzo & Karin Kakun - 1st place All-Stars Jack&Jill Finals - Baltic Swing 2022,https://www.youtube.com//watch?v=kOd3a2R7drw,2022
"Swingtacular 2022 3-for-All Invitational - Chantelle Pianetta, KP Rutland, Robert Royston",https://www.youtube.com//watch?v=vWveuTcm4_g,2022
The Chicago Classic 2022 - Showcase - Glenn Ball & Emily Huang,https://www.youtube.com//watch?v=-tnrlYGE_4Y,2022
"Joao Parada & Karin Kakun - All Star/Champions J&J prelim,  BUDAFEST 2022",https://www.youtube.com//watch?v=dB5kGCeAtVs,2022
West Coast Swing Showcase Routine by Thibault & Nicole Ramirez at Global Grand Prix 2022 ðŸ”¥,https://www.youtube.com//watch?v=X6qIerLAyLY,2022
Sean McKeever & Alyssa Glanville - ProShow - Bavarian Open 2022,https://www.youtube.com//watch?v=vI89hgVg62I,2022
KP Rutland & Bryn Anderson - 4th Place Classic - The Open 2022,https://www.youtube.com//watch?v=TmXxDR9vst0,2022
Christopher Dumond & Chantelle Pianetta - DJ Battle  - The After Party 2022,https://www.youtube.com//watch?v=SVta2bPz6dk,2022
MADjam 2022 Exhibition Junior Varsity JT Swing Team,https://www.youtube.com//watch?v=WBNa80sLwNI,2022
Joel Torgeson & Chantelle Pianetta | The Open Swing Dance Championships 2022 | Showcase | 3rd Place,https://www.youtube.com//watch?v=RLNxNHE9o9k,2022
The Chicago Classic 2022 - CLASSIC - Christopher Dumond & Larisa Tingle,https://www.youtube.com//watch?v=ducgE7NextE,2022
Liberty Swing 2022 Rising Star Allan Thivoz and Alexandra Branco,https://www.youtube.com//watch?v=GyNR_RDCSk4,2022
Boogie By The Bay 2022 - 1st Place - RISING STAR - Byron Brunerie & MÃ©lodie Paletta,https://www.youtube.com//watch?v=sm-L2u2Bmgc,2022
The Chicago Classic 2022 - Rising Star - Ryan Pflumm & Alaina Rogozhin,https://www.youtube.com//watch?v=S1lnsYdXOB0,2022
Liberty Swing 2022 Johnvitational  Kyle Redd & Torri Zzaoui,https://www.youtube.com//watch?v=MR2XK74HycE,2022
Liberty Swing 2022 Classic Sean McKeever and Alyssa Glanville,https://www.youtube.com//watch?v=YHZaoGGG5aw,2022
The Chicago Classic 2022 - CLASSIC - Kenneth Rutland & Bryn Anderson,https://www.youtube.com//watch?v=LsiNhL2uZ60,2022
"Swingtacular 2022 3-for-All Invitational - John Piper, Tony Schubert, Larisa Tingle",https://www.youtube.com//watch?v=mZsp7WFD2d8,2022
FP NYE 2021 Emily Huang & Glenn Ball,https://www.youtube.com//watch?v=PP9WRnIXzhY,2021
"Christopher Dumond & Cameo McHenry ""Dancing On My Own"" - Inv. Jack&Jill - TAP The After Party 2021",https://www.youtube.com//watch?v=GPwHdS4AvS4,2021
"Ben Morris & Brandi Guild ""Shivers"" Ed Sheeran - Invitational Jack&Jill - TAP The After Party 2021",https://www.youtube.com//watch?v=qW51suNmHkE,2021
"Jakub Jakoubek & Emeline Rochefeuille ""Ocean"" - Routine - Budafest 2020",https://www.youtube.com//watch?v=sf35lL5b7Z8,2020
"International Rally West Coast Swing 2020, SLC, Utah, PG Water Tower",https://www.youtube.com//watch?v=psweMc7t4BU,2020
"JT Swing Team SLC, JV Season 4, Think, SLC Utah performed at the PG Water Tower in 2020",https://www.youtube.com//watch?v=caxUfjX5Pnc,2020
Jordan Frisbee & Anna Maria Mezei - Pro-Winner Jack&Jill - Budafest 2020,https://www.youtube.com//watch?v=BA3rAMBdCo0,2020
Tony Schubert & Estelle Bonnaire - Strictly Open - Budafest 2020,https://www.youtube.com//watch?v=-pzABkn3TPc,2020
MADjam 2020 Switch It Up Jack & Jill Erica Smith & Dillon Luther,https://www.youtube.com//watch?v=vlWQBAYB6Io,2020
Paolo Iannello & Benji Schwimmer - Pro-Winner Jack&Jill - Budafest 2020,https://www.youtube.com//watch?v=g4U8FVTWaAE,2020
West Coast Swing - Ben Morris & Torri Zzaoui - Rose City Swing 2020 Champions Strictly 1st Place,https://www.youtube.com//watch?v=TL7TwYGblSw,2020
"JT Swing Team SLC, Varsity Season 5, Castle on the Hill High performed in 2020",https://www.youtube.com//watch?v=WZ-jZZbANfQ,2020
Ryan Boz and Estelle Bonnaire | 2nd Place All Star Strictly (Liberty Swing 2019),https://www.youtube.com//watch?v=5wLSg-40ZuU,2019
Swingtacular 2019 Champions JnJ - Jordan Frisbee and Alyssa Glanville 1st Place,https://www.youtube.com//watch?v=6UpkFOAnclI,2019
PWF 2019 - Jack&Jill All Star Final - Sylvain Pele & Coralie Chastel - 1st place,https://www.youtube.com//watch?v=zLXfrFlp0lE,2019
Jordan Frisbee & Torri Smith Zzaoui - 1st place Champions Strictly Finals - The Open 2019,https://www.youtube.com//watch?v=LAoMg_czTkA,2019
CSC 2019 - Classic Swing Couples - Ben McHenry and Cameo McHenry,https://www.youtube.com//watch?v=ozIBfxjsnX0,2019
SWINGesota 2019 - Tribute Division - Eric Byers & Christine Medin,https://www.youtube.com//watch?v=5ryh8PTu9yw,2019
Maxime Zzaoui & Tashina Beckmann-King - Champions Jack&Jill - D-Townswing 2019,https://www.youtube.com//watch?v=hKfCPa7tN94,2019
Swing Fling 2019 Open Strictly Swing Gregory Scott & Lemery Rollins,https://www.youtube.com//watch?v=42WaOnXEAx4,2019
Joel Torgeson and Emily Huang - The Open 2019 - Showcase 7th Place - West Coast Swing,https://www.youtube.com//watch?v=eLNh6skfeUg,2019
Maxence Martin + Tatiana Mollmann | West Coast Swing Champions J&J - D-Townswing 2019,https://www.youtube.com//watch?v=GVdT63wsCPQ,2019
Swingtacular 2019 Champions JnJ - Robert Royston and Brynn Anderson,https://www.youtube.com//watch?v=KCaqlwGA6lo,2019
Ben Morris & Victoria Henk - BudaFest 2019 Pro Show - West Coast Swing Dance Routine,https://www.youtube.com//watch?v=sPB7opSo44k,2019
Boogie by the Bay 2019 All-Stars JnJ - Tim Kenny and Coralie Chastel 1st Place,https://www.youtube.com//watch?v=O7O1_0rUmqY,2019
The Open 2019 Showcase Glenn Ball & Callum Powell,https://www.youtube.com//watch?v=10mzn0feDOU,2019
Swingtacular 2019 Champions JnJ - Hugo Miguez and Victoria Henk,https://www.youtube.com//watch?v=dGhuZwo8fvM,2019
Boogie by the Bay 2019 Champions Strictly - Christopher Dummond and Alyssa Glanville,https://www.youtube.com//watch?v=UbOPCw6WE4g,2019
Jordan Frisbee & Tatiana Mollmann - Routines - Budafest 2019,https://www.youtube.com//watch?v=9uNLT_JOYVY,2019
Jake Haning and Mackenzie Goodmanson 2nd Place Classic Open swing championships 2019,https://www.youtube.com//watch?v=PcLk0x-ReVg,2019
Maxime & Torri Zzaoui Pro Show WOTP 2019,https://www.youtube.com//watch?v=Lp7Z2jcxz40,2019
Boogie by the Bay 2019 Champions JnJ - Benji Schwimmer and Victoria Henk,https://www.youtube.com//watch?v=YdfKCLjYsnA,2019
Boogie by the Bay 2019 Champions JnJ - Maxime Zzaoui and Melissa Rutz 2nd Place,https://www.youtube.com//watch?v=FCrIKdrDNBQ,2019
Gary McIntyre and Susan Kirklin US Open 2019 Classic Division,https://www.youtube.com//watch?v=XysPN0ac-rE,2019
Christopher Dumond and Chantelle Pianetta - US Open 2019 - Classic,https://www.youtube.com//watch?v=mUKnq2w7YwU,2019
Omar Gonzalez & Allysa Rees - All Star Strictly - Trilogy Swing 2019 (2/3),https://www.youtube.com//watch?v=RdQVjQoQ6BQ,2019
Kyle Redd & Emeline Rochefeuille - Summer Hummer 2019 - Champions Strictly Swing,https://www.youtube.com//watch?v=PynGIYZVwqg,2019
Samantha Buckwalter & Lauren Assaf - US OPEN - SHOWCASE - 2019,https://www.youtube.com//watch?v=5KvwqqFdd_o,2019
SWINGesota 2019 - Tribute Division - Jonathan Rogul & Casey Margules,https://www.youtube.com//watch?v=jMvD62eRCFg,2019
Ben Morris & Victoria Henk - Dutch Open 2019 Pro Show - Improv West Coast Swing Dance,https://www.youtube.com//watch?v=fDbSrtM3XZw,2019
Boogie by the Bay 2019 Champions Strictly - Ben McHenry and Courtney Adair,https://www.youtube.com//watch?v=a44FXcBLsls,2019
Kyle Redd & Emeline Rochefeuille - Summer Hummer 2019 - Champions Jack & Jill,https://www.youtube.com//watch?v=ygrI4oWnLUQ,2019
Dillon Luther & Alyssa Glanville - The Open Swing Dance Championships 2019 - Classic,https://www.youtube.com//watch?v=Uebhu2QpYFc,2019
The 2019 US Open Swing Dance Championships: Classic 3rd place: Ben & Cameo McHenry,https://www.youtube.com//watch?v=ao35pk32k5o,2019
Chicago Classic 2019 Champions Jack & Jill Philippe Berne & Lemery Rollins,https://www.youtube.com//watch?v=88ofTxFCero,2019
FOWCS 2019 ProAM Routine Quentin-Emmanuel Delage & Anne Renner,https://www.youtube.com//watch?v=SVcWrCJDlFQ,2019
Boogie by the Bay 2019 Champions Strictly - Jordan Frisbee and Sarah Vann Drake 4th Place,https://www.youtube.com//watch?v=13g02DVv16Y,2019
Boogie by the Bay 2019 Champions JnJ - Michael Kielbasa and Tatiana Mollmann,https://www.youtube.com//watch?v=aJHkm0S7pkA,2019
Semion Ovsiannikov & Maria Elizarova The Open 2019 Classic,https://www.youtube.com//watch?v=CIbhVhSZvSE,2019
Dillon Luther & Chantelle Pianetta - The Open 2019 - Showcase 5th Place,https://www.youtube.com//watch?v=B_2SnqH1JsQ,2019
Gregory Scott & Lemery Rollins - Summer Hummer 2019 - Champions Strictly Swing,https://www.youtube.com//watch?v=XIyfmmtlmjE,2019
Boogie by the Bay 2019 Champions Strictly - John Linda and Brandi Guild,https://www.youtube.com//watch?v=pBJMMm9xKMM,2019
Jordan Frisbee & Tatiana Mollmann - Summer Hummer 2019 - Champions Strictly Swing,https://www.youtube.com//watch?v=52zOK2k3E7Y,2019
Jordan Frisbee & Tatiana Mollmann - Summer Hummer 2019 - Champions Jack & Jill,https://www.youtube.com//watch?v=gLacKbIw_0U,2019
Jakub Jakoubek & Emeline Rochefeuille - Classic 4th Place - The Open 2019,https://www.youtube.com//watch?v=3Zz-kkr5PN8,2019
Thibault Ramirez and Nicole Clonch US Open Showcase 2019 Winners,https://www.youtube.com//watch?v=TRpgcLmKm0g,2019
The Open 2019 - Classic - Ken Rutland & Bryn Anderson,https://www.youtube.com//watch?v=EUZcN2MejNY,2019
Myles Munroe & Tessa Cunningham Munroe - US Open Showcase 2019,https://www.youtube.com//watch?v=rs0TXSCKBII,2019
The Open 2018   1st Place Winners   Rising Star   Rodrigo Thomaz and Dani Duram,https://www.youtube.com//watch?v=5BtUy3Ouc_U,2018
Robert Royston & Kellese Key 2018 UK & EU chest coast swing champs,https://www.youtube.com//watch?v=Gn44zf4yQYc,2018
Arjay Centeno and Mia Primavera- Paradise 2018-1st place Champions Jack and Jill- West Coast Swing.,https://www.youtube.com//watch?v=Wbg-wjjgP00,2018
The Open 2018 - Rising Star 2nd Place - Miguel Ortega & AngÃ©lique Pernotte,https://www.youtube.com//watch?v=YWunsrD7v4A,2018
Jack & Jill O'Rama 2018 Champions Jack & Jill  1st Place - Ben McHenry & Victoria Henk,https://www.youtube.com//watch?v=APYT2kYQrVQ,2018
The Open 2018   Classic Finals   Thibault Ramirez & Estelle Bonnaire,https://www.youtube.com//watch?v=z2OhfGK-zCQ,2018
Waltz Across Texas 2018 West Coast Swing,https://www.youtube.com//watch?v=uoeLI7YPwTw,2018
WEST IN LYON 2018 - QUENTIN EMMANUEL DELAGE & CAROLE MORDELLES - RISING STAR 4th place,https://www.youtube.com//watch?v=NDda4EYY0Ak,2018
Sean Mckeever & Courtney Adair - US Open 2018 4th place Classic Finals,https://www.youtube.com//watch?v=Nr-gmq4Cs60,2018
"Jordan Frisbee & Larisa Tingle, Phoenix 4th of July 2018, 1st Place Champions",https://www.youtube.com//watch?v=DzW0qCrj7xY,2018
Ben Morris & Patty Vo - Swing & Snow 2018 Pro Show Demo,https://www.youtube.com//watch?v=m77i-R1HqFQ,2018
RuOpen 2018. ProShow. Jordan Frisbee & Tatiana Mollmann,https://www.youtube.com//watch?v=3dY716c_wUQ,2018
"Tatiana Mollmann + Jordan Frisbee + Kyle Redd - ""Peel me a grape"" Show | Summer Hummer 2018",https://www.youtube.com//watch?v=6wNMWkIJMEA,2018
Quentin-Emmanuel Delage & Carole Mordelles - US Open Rising Star 2018,https://www.youtube.com//watch?v=eTnzGxJUXKo,2018
Semion Ovsiannikov & Maria Elizarova The Open 2018 Classic 2nd Place,https://www.youtube.com//watch?v=4WMPUtjtOUk,2018
The Open 2018   1st Place Winners   Showcase   Benji Schwimmer and Nicole Clonch,https://www.youtube.com//watch?v=eWWPHyJnIEI,2018
DCSX 2018 Rising Star Lia Brown & Helen Chao,https://www.youtube.com//watch?v=pS1fQkkB4mY,2018
Christopher Dumond and Victoria Henk - Scary Strictly - Halloween Swingthing 2018,https://www.youtube.com//watch?v=9UjtBX9_aTM,2018
Semion Ovsiannikov & Karin Kakun - All-Stars Jack&Jill - Budafest 2018,https://www.youtube.com//watch?v=rVXp1z-i8ZM,2018
The Open 2018 - Rising Star - Joel Torgeson and Katie Smiley-Oyen - 3rd Place,https://www.youtube.com//watch?v=13uYDPS9ZDs,2018
The Open 2018   1st Place Winners   Classic Finals   Gary McIntyre and Susan Kirklin,https://www.youtube.com//watch?v=89CSL9jBD4g,2018
"The US Open 2018, Rising Star Division, Raymond Byun and Taylor Banfield",https://www.youtube.com//watch?v=qfdIZazUGfA,2018
"WCS International Rally 2018, Salt Flats, Salt Lake City, Utah",https://www.youtube.com//watch?v=kVYksFKQk3g,2018
Chicago Classic 2018 Classic Hugo Miguez & Stacy Kay,https://www.youtube.com//watch?v=hwMUJVavfb0,2018
Showcase Philippe & Flore Berne The Open 2018,https://www.youtube.com//watch?v=wMK_ZbHUe0g,2018
Myles & Tessa Showcase West Coast Swing 2018,https://www.youtube.com//watch?v=srL0NAd1GYI,2018
"Robert Royston & Laureen Baldovi ""Fever"" US Open 2018",https://www.youtube.com//watch?v=bJLjV-YUUUU,2018
Liberty Swing 2018 Classic Ken Rutland & Bryn Anderson,https://www.youtube.com//watch?v=r4HcXvCg0t0,2018
RCS 2018 Invitational Strictly - Andrew Slac & Brandi Guild,https://www.youtube.com//watch?v=YNbVX8iuUbs,2018
The Open 2018 Showcase Glenn Ball and Florencia Diaz,https://www.youtube.com//watch?v=0iAfDs8mDbg,2018
"WCS International Rally 2018 - Bonneville Salt Flats International Speedway, Salt Lake City, Utah",https://www.youtube.com//watch?v=UAb8psVzIUk,2018
"Jordan Frisbee & Tatiana Mollmann, Austin 2018",https://www.youtube.com//watch?v=6O1oJmuq0Oc,2018
Joanna Meinl & Edwin Li - US Open Swing Dance Championships 2018 - 1st Place Sophisticated Swing,https://www.youtube.com//watch?v=d_gSJ39Tkko,2018
Legends of Dance SwingDiego 2018 Carlito and Laureen,https://www.youtube.com//watch?v=5m1x_lxD37Y,2018
Myran Webb & Leilani Chase Kauakahi - 2018 WCS Young Adult / Juniors Routine,https://www.youtube.com//watch?v=nUbtlQSHTwk,2018
WEST COAST SWING SHOWCASE 5th place -  Kadu Pires and Larissa Thayane (US OPEN SWING 2018),https://www.youtube.com//watch?v=EJqdRUOWDPA,2018
The Open 2018   Jordan & Tatiana Routine,https://www.youtube.com//watch?v=PIJt14MVA8Y,2018
West Coast Swing Rising Star: The Open Swing Dance Championship 2018: Steven James & Shelley Saxena,https://www.youtube.com//watch?v=ncrzpiUx_Aw,2018
MADjam 2018 Classic Ryan Crutcher & Mia Primavera,https://www.youtube.com//watch?v=sARZQGQQiUc,2018
J'Em - Jakub Jakoubek & Emeline Rochefeuille - Classic - The Open 2018,https://www.youtube.com//watch?v=ZRTOc6tuBIg,2018
Jordan Frisbee & Melissa Rutz - 1st Place - 2017 Boogie by the Bay (BbB) Champions Strictly Swing,https://www.youtube.com//watch?v=WWUg4uDyV8E,2017
Jack & Jill O'Rama 2017 Strictly Swing A 2nd Place - Kris Swearingen & Brandi Guild,https://www.youtube.com//watch?v=Wd_Bfdgsn6A,2017
FOWCS 2017   Classic   Quentin Emmanuel Delage & Carole Mordelles,https://www.youtube.com//watch?v=PK7upzh2vGs,2017
2017 Rising Star - Philipp Wolff & Jany Dudukina - The Open,https://www.youtube.com//watch?v=2aA2ypzqaeY,2017
Jakub Jakoubek & Emeline Rochefeuille - Classic Division - UK Champs 2017,https://www.youtube.com//watch?v=O9INFpN9rDw,2017
"Joanna Meinl & Edwin Li - Classic Division, 2017-07-29 Swingtime in the Rickies",https://www.youtube.com//watch?v=yeqvNV8svYc,2017
2017 DSLQ Quentin & carole,https://www.youtube.com//watch?v=eujxiCrkHs8,2017
2017 Exhibition - Jordan and Tatiana Showcase - The Open,https://www.youtube.com//watch?v=qTv5FUY7UVw,2017
Quentin & Carole - Showtime West Coast Swing @ SWOB 2017,https://www.youtube.com//watch?v=9GNl4CGU8HQ,2017
Alpha Vo & Jen Malcolm - 7th Place Showcase The Open 2017,https://www.youtube.com//watch?v=7uHzwsosd2w,2017
Surprise dance when Jordan Frisbee draws Tatiana Mollmann | West Coast Swing (Sweden 2017),https://www.youtube.com//watch?v=L--9LSCG6QQ,2017
Jakub Jakoubek & Emeline Rochefeuille - Classic - US Open 2017,https://www.youtube.com//watch?v=7AiBoFsD7Ko,2017
Madjam 2017 Showcase Glenn Ball & Patty Vo,https://www.youtube.com//watch?v=asExHt9Tusc,2017
The Open 2017   Showcase   Glenn Ball & Kellese Key,https://www.youtube.com//watch?v=w-HsC6enar8,2017
2017 Classic - Gary McIntyre & Susan Kirklin - The Open,https://www.youtube.com//watch?v=ocy4UNtDjT0,2017
Jesse Dickson & Lannie Sullivan - The US Open 2017,https://www.youtube.com//watch?v=dgq-8PA1gnQ,2017
Liberty Swing 2017 Rising Star Katia Grigoriants & Sasha Drebitko,https://www.youtube.com//watch?v=o6_EwfZuUjg,2017
Grand Nationals 2017 Rising Star 1st place winners,https://www.youtube.com//watch?v=wbBBFJgJvEI,2017
Boogie by the Bay 2017 - Tony Schubert & Larisa Tingle Schubert - Classic,https://www.youtube.com//watch?v=no7-7z95isw,2017
"Bryn Anderson & Thibault Ramirez, Jack & Jill O'Rama 2017",https://www.youtube.com//watch?v=9XXyNDK0bBY,2017
Liberty Swing 2017 Classic PJ Turner & Tashina Beckmann,https://www.youtube.com//watch?v=yCctq1_PepE,2017
Semion Ovsiannikov & Maria Elizarova US Open 2017 West Coast Swing Routine in the Classic Division,https://www.youtube.com//watch?v=cBWIMaVPHws,2017
Hugo Miguez & Stacy Kay 5th Place Classic Division - US Open 2017,https://www.youtube.com//watch?v=twJQjGKWx7Y,2017
Edwin Li & Joanna Meinl - US Open Swing Dance 2017,https://www.youtube.com//watch?v=O-WnKr1StQg,2017
Ben Morris & Victoria Henk - US Open 2017 Classic 2nd Place,https://www.youtube.com//watch?v=UHzymnw0R0E,2017
2017 Wild Wild Westie Rising Star Routine 1st Place - John Penu and Ariel Penu,https://www.youtube.com//watch?v=Dk6TJU4HAis,2017
"Bryn Anderson & Tony Schubert, Swingtacular 2017",https://www.youtube.com//watch?v=oIOc7zFCees,2017
Olivier & Virginie - DÃ©mo West Coast Swing @ SWOB 2017,https://www.youtube.com//watch?v=JZtUX36MrI4,2017
2017 US Open Swing Championship - Rising Star Division - Brunno & Paula,https://www.youtube.com//watch?v=WfW6pIyEMlM,2017
MADjam 2017 Classic Gary McIntyre & Susan Kirklin,https://www.youtube.com//watch?v=AFJ-kM0NLU0,2017
Edwin Li & Joanna Meinl - 2017 Boogie by the Bay (BbB) Classic Division - IN 4K,https://www.youtube.com//watch?v=KQVqn7RROMg,2017
Diego Borges & Jessica Pacheco - US Open 2017 Classic,https://www.youtube.com//watch?v=CQGFKs21EK4,2017
Za Thomaier & Jenna Shimek  - 1st Place - 2017 Boogie by the Bay (BbB) Rising Star Division - IN 4K,https://www.youtube.com//watch?v=-Mys-qvpM2s,2017
"Jesse Dickson & Lannie Sullivan
Allstar Strictly Finals -  Desert City Swing 2017",https://www.youtube.com//watch?v=gW9JKZapyEk,2017
Raw Con WCS Team Routine 2017 by Ben & Jen,https://www.youtube.com//watch?v=EcTGVjzUFcU,2017
Jerome & Bonnie Subey Showcase US Open 2017,https://www.youtube.com//watch?v=j20V55UFJ5U,2017
Madjam 2017 Showcase Benji Schwimmer & Nicole Clonch,https://www.youtube.com//watch?v=Jh0Z4RgAsRk,2017
Liberty Swing 2017 Pro Am Spotlight Laurissa Stokes with Lemery Rollins,https://www.youtube.com//watch?v=PXljp3ZzAy8,2017
Ben Morris & Tara Trafzer - SwingCouver 2017 Champions Strictly 3rd Place,https://www.youtube.com//watch?v=5EuHmtYBNl8,2017
Jordan Frisbee & Torri Smith-Zzaoui - 3rd Place - 2017 Boogie by the Bay (BbB) Champions Jack & Jill,https://www.youtube.com//watch?v=-KXz5vxpRg8,2017
MADjam 2017 Classic PJ Turner & Tashina Beckmann,https://www.youtube.com//watch?v=6TXXxjZPyNk,2017
US Open Rising Star 2017   Austin Scharnhorst and Kali Casas 3rd place,https://www.youtube.com//watch?v=ofxliaMrrMI,2017
FOWCS 2017   Classic   Stanley Seguy & Maina Vila Cobarsi,https://www.youtube.com//watch?v=OUULhVQXKt4,2017
2017 Pro Am Leaders - Leo Lorenzo & Blandine Iche - The Open,https://www.youtube.com//watch?v=6gFuifGN9v4,2017
Stanley Seguy & MaÃ¯na Vila Cobarsi - Rising Star - US Open 2017,https://www.youtube.com//watch?v=HNhG-NWC0MU,2017
John Kirkconnell & Alyssa Glanville - NZ Open 2017 Pro Demo,https://www.youtube.com//watch?v=SFPMn5SDd9s,2017
Ken Rutland & Bryn Anderson - 2nd Place - 2017 Boogie by the Bay (BbB) Rising Star Division - IN 4K,https://www.youtube.com//watch?v=qRR6ExbEO5c,2017
Jesse Lopez & Patty Vo 2017 US Open,https://www.youtube.com//watch?v=i-vU5MJou_g,2017
2017 Showcase - Benji Schimmer & Nicole Clonch - The Open,https://www.youtube.com//watch?v=oc5bfb_gtWc,2017
2017 Summer Hummer Champions Strictly Kyle Redd & Tatiana Mollmann,https://www.youtube.com//watch?v=o-Os5QvTtvw,2017
Ben Morris & Emeline Rochefeuille - Swing and Snow 2017 Pro Show,https://www.youtube.com//watch?v=etC6q0TMG9g,2017
WestZoukTime 2017 - Kadu Pires & Larissa Thayane - US Open 2016 WCS Show,https://www.youtube.com//watch?v=SGa5p2NNQu4,"2016, 2017"
"Bruno + Brenda - Dutch International Zouk Congress 2016 - ""We Won't""",https://www.youtube.com//watch?v=4FrYLnGx2Bs,2016
Ben Morris & Victoria Henk - US Open 2016 Classic Division 1st Place,https://www.youtube.com//watch?v=ub2hBlBGhWc,2016
Russian Open WCS 2016  Rising Star Routines  Ivan Brykalov & Masha Sukharenko,https://www.youtube.com//watch?v=D8FEIK8NOpo,2016
Ben Morris & Brandi Guild - Palm Springs New Years 2016 Champions Jack & Jill 2nd Place,https://www.youtube.com//watch?v=v6QD8P6BOOs,2016
2016   Young Adult   Ryan Boz & Alexis Garrish   US Open,https://www.youtube.com//watch?v=cNmNHF7aHIY,2016
Russian Open WCS 2016  Rising Star Routines  Vladimir Leonov & Jane Dudukina,https://www.youtube.com//watch?v=g85gcPL65N0,2016
Benji Schwimmer & Nicole Clonch â€” US Open 2016 Showcase,https://www.youtube.com//watch?v=V1_f6pGcqH0,2016
Christopher Dumond and Victoria Henk - Halloween Swingthing 2016 - 1st Place,https://www.youtube.com//watch?v=loDYwf9aDvY,2016
MADjam 2016 Rising Star   Joel & Amanda Gorman,https://www.youtube.com//watch?v=ARFENp3sW5U,2016
Alpha Vo & Jen Malcolm - US OPEN 2016 - 1st place RISING STAR Champions,https://www.youtube.com//watch?v=Vc9sqiLaiFs,2016
Boogie 2016   Rising Star   Michelle Crozier & Shanna Porcari,https://www.youtube.com//watch?v=8gHx_Tr7btI,2016
US Open 2016 - Gary McIntyre & Susan Kirklin Classic routine,https://www.youtube.com//watch?v=r3deap3PIQs,2016
Maxime Zzaoui & Torri Smith - Marry Me - West Coast Swing UK workshop weekend 2016,https://www.youtube.com//watch?v=Ixp_N0Obe1w,2016
Russian Open WCS 2016  Rising Star Routines  Andrew Navolotsky & Olga Khvan,https://www.youtube.com//watch?v=jcHytYuCQtA,2016
MADjam 2016 Classic   Christopher Dumond & Tara Trafzer,https://www.youtube.com//watch?v=jcajZlO_Dpk,2016
Myles & Tessa Showcase 1st Place Seattle Easter Swing 2016,https://www.youtube.com//watch?v=wLBCe30zYGo,2016
Russian Open WCS 2016  Rising Star Routines  Vitaliy Zakharov & Ilmira Galieva,https://www.youtube.com//watch?v=q0MqcF7Z24k,2016
Glenn Ball & Patty Vo - US open 2016 - Showcase,https://www.youtube.com//watch?v=VNCNOmSL8-w,2016
Russian Open WCS 2016  Rising Star Routines  Konstantin Baranov & Maria Slivenko,https://www.youtube.com//watch?v=_TDO5p0N0P8,2016
Christopher Dumond and Tara Trafzer - Classic Prelims US Open 2016,https://www.youtube.com//watch?v=6w-ur71vJp4,2016
Russian Open WCS 2016  Rising Star Routines  Alexandr Mikitin & Elena Tsvetova,https://www.youtube.com//watch?v=pGAOelv3BLc,2016
Samir Zutshi and Brandi Guild - 4th Place Champions Jack and Jill - Jack and Jill O'Rama 2016,https://www.youtube.com//watch?v=sHSe2hQYCTU,2016
Jason Wayne & Jennifer DeLuca - 2016 Boogie by the Bay (BbB) WCS Dance Champions Jack & Jill - 4K,https://www.youtube.com//watch?v=LYvlmp5Oo5o,2016
Swing Fling 2016 Open Swing Jesse Dickson & Lannie Sullivan,https://www.youtube.com//watch?v=dfQC0aZaTCY,2016
THE OPEN 2016 - Classic - Larisa Tingle & Tony Schubert,https://www.youtube.com//watch?v=VxcvmbQ8sZk,2016
Benji Schwimmer & Lemery Rollins - 1st Place - 2016 Boogie by the Bay (BbB) Champions J&J - 4K,https://www.youtube.com//watch?v=2zfMDA8XsiU,2016
Russian Open WCS 2016 Rising Star Routines Andrey Shenaev & Galina Scherbakova,https://www.youtube.com//watch?v=_DWMrcIvF5Q,2016
Diego Borges & Jessica Pacheco - US Open 2016,https://www.youtube.com//watch?v=rUhv9rwFsaI,2016
Christopher Dumond and Tara Trafzer - Classic Finals US Open 2016 - 5th Place,https://www.youtube.com//watch?v=zNh9SyCiyMs,2016
Stephen White & Sonya Dessureault US Open Classic Final 2016,https://www.youtube.com//watch?v=LRKNjLey4E0,2016
2016 Swingtacular Rising Star Routine - Raymond Byun and Loren Azzoff,https://www.youtube.com//watch?v=z97PFLYTh9g,2016
Russian Open WCS 2016  Rising Star Routines  Dmitriy Ustinov & Olga Sobur,https://www.youtube.com//watch?v=A3rK6yv1fos,2016
Russian Open WCS 2016  Rising Star Routines  Artem Dmitriev & Mikhalina Malinovskaya,https://www.youtube.com//watch?v=9ngU6-mJW3M,2016
Liberty Swing 2016 Champions Strictly Swing Kyle Redd & Torri Smith,https://www.youtube.com//watch?v=59dvzm5QxYc,2016
Semion Ovsiannikov & Maria Elizarova â€” US Open 2016 Classic Finals,https://www.youtube.com//watch?v=DScUNFe2OLU,2016
Sean McKeever & Torri Smith - 2015 Boogie by the Bay (BbB) Champions Strictly Swing - HD,https://www.youtube.com//watch?v=L28_i5RZnNo,2015
Robert Royston & Sarah Van Drake West Coast Swing Palm Springs New Years 2015 16,https://www.youtube.com//watch?v=m-oQ1HC-Ihk,2015
PJ Turner & Tashina Beckmann US OPEN 2015 - Classic Finals,https://www.youtube.com//watch?v=_E0u-P-AE1I,2015
Russian Open 2015  Rising Stars rouines  Artem Dmitriev & Lyudmila Konygina,https://www.youtube.com//watch?v=t7p9Sz88wAU,2015
Russian Open 2015 Rising Stars routines Alexey Vorotnikov & Anna Novinskaya,https://www.youtube.com//watch?v=3MWLmG7VzAA,2015
2015 Classic Champions - Jordan & Tatiana - US Open,https://www.youtube.com//watch?v=lNxT5ABRl8s,2015
Sean McKeever & Jessica Cox Capital Swing 2015 Champion Strictly Winners,https://www.youtube.com//watch?v=udqBB0R5SPI,2015
Russian Open 2015  Rising Stars rouines  Ivan Brykalov & Masha Sukharenko,https://www.youtube.com//watch?v=3-iYZAWSaxA,2015
2015 Strictly WCS Champions - Jordan Frisbee & Torri Smith - US Open,https://www.youtube.com//watch?v=2tsdrCkfgmk,2015
US OPEN 2015   Classic   Tony Schubert & Larisa Tingle,https://www.youtube.com//watch?v=qKTaKauVPVU,2015
Ben Morris & Jennifer DeLuca 2015 Capital Swing Classic Winners,https://www.youtube.com//watch?v=3WyPtoOg6VQ,2015
Russian Open 2015  Rising Stars rouines  Michael Zhukov & Olga Khvan,https://www.youtube.com//watch?v=0rok3VCXRpM,2015
"Bryn Anderson & Jason Wayne, Jackpot Final, Jack & Jill O'Rama 2015",https://www.youtube.com//watch?v=h4eZoLA4yJY,2015
Russian Open 2015  Rising Stars rouines  Maksim Anisimov & Elena Shabalova,https://www.youtube.com//watch?v=ARmUujisbVQ,2015
Brady Stanton & Kara Frenzel BotB Invitational Throwdown 2015,https://www.youtube.com//watch?v=q9P3pm4fkH8,2015
Parker Dearborn & Melissa Rutz | Showcase | City of Angels 2015,https://www.youtube.com//watch?v=xk_ZtAzjQWQ,2015
STOLE THE SHOW - Jordan Frisbee & Tatiana Mollmann | West Coast Swing Dance (US Open 2015),https://www.youtube.com//watch?v=7jg-sWOrnyc,2015
MADjam 2015 Classic Jordan Frisbee & Tatiana Mollmann,https://www.youtube.com//watch?v=iWg2hNYYuJw,2015
2015 Showcase Champions - Benji & Nicole - US Open,https://www.youtube.com//watch?v=FSH8MMIxaSw,2015
Jordan Frisbee & Lemery Rollins â€” SwingDiego 2015,https://www.youtube.com//watch?v=gS0MbQm7d_A,2015
Benji Schwimmer & Nicole Clonch // US Open Swing Dance Championships 2015,https://www.youtube.com//watch?v=xkX2kxF6Rw8,2015
Russian Open 2015  Rising Stars rouines  Dmitry Sorokin & Maria Slivenko,https://www.youtube.com//watch?v=CAu3AvzljDw,2015
MADjam 2015 Showcase Robert & Nicola Royston,https://www.youtube.com//watch?v=0BD4GYIn1Rs,2015
Kris Swearingen & Rebecca Ludwick â€” SwingDiego 2015,https://www.youtube.com//watch?v=AQPnkeJss04,2015
MADjam 2015 Rising Star Joel Gorman & Amanda Gorman,https://www.youtube.com//watch?v=yBevsBUrDUc,2015
Quentin Delage & Carole Mordelles - Demo WCS - NoÃ«l 2015,https://www.youtube.com//watch?v=fCbSoI4k65o,2015
Russian Open 2015  Rising Stars rouines  Andrew Navolotsky & Oxana Alexandrovich,https://www.youtube.com//watch?v=zvE9yspFnLA,2015
2015 Rising Star Champions - Jesse Lopez & Hailee Lopez - US Open,https://www.youtube.com//watch?v=dN0l_Rds78o,2015
You & I Both & Jason Mraz - Kyle Redd & Sarah Vann Drake  2015 US Open,https://www.youtube.com//watch?v=b9RzR_0UBqs,2015
Ben Morris & Victoria Henk - US Open 2015 Classic Division 2nd Place,https://www.youtube.com//watch?v=YEK1prH7emg,2015
Jordan Frisbee - Jessica Cox - Midwest Westie Fest 2014 Pro Show,https://www.youtube.com//watch?v=2_IX7pBj5YA,2014
8th place Routine - Classic US Open WCS 2014 - PJ Turner & Tashina Beckmann,https://www.youtube.com//watch?v=t8sntSgvQOc,2014
2014 Showcase Champions - Benji Schwimmer & Torri Smith - US Open,https://www.youtube.com//watch?v=E9rQcjn0LoM,2014
4th place Routine - Classic US Open WCS 2014 - Gary McIntyre & Susan Kirklin,https://www.youtube.com//watch?v=FFXpAScNITY,2014
Jordan Frisbee and Tatiana Mollmann - US Open - Classic Division 2014,https://www.youtube.com//watch?v=fcUFGbmwxIs,2014
Lura Johnson & Greg Scott WCS Pro-Am Routine at Hollywood Ballroom - 2/21/2014,https://www.youtube.com//watch?v=tpomen-W1iU,2014
3rd place Routine - Classic US Open WCS 2014 - Ben McHenry & Cameo Cross,https://www.youtube.com//watch?v=zw544hOvN5w,2014
"Jesse & Hailee Lopez - 2nd Place Cabaret Division, 2014 US Open",https://www.youtube.com//watch?v=Q5rQV6QQjXE,2014
Benji Schwimmer & Torri Smith US Open 2014,https://www.youtube.com//watch?v=ihJBz4__2I8,2014
2014 Classic Champions - Jordan Frisbee & Tatiana Mollmann - US Open,https://www.youtube.com//watch?v=nVAzflHzE1Q,2014
7th place Routine - Classic US Open WCS 2014 - Maxence Martin & Virginie Grondin,https://www.youtube.com//watch?v=Vt6TD9DbgaE,2014
2014 Austin Swing Dance Championship - Barry & Tasha Pro-Am Routine,https://www.youtube.com//watch?v=fSSuDJb8mK4,2014
"Brennar and Autumn Carolina Shag, Grand Nationals 2014",https://www.youtube.com//watch?v=8l5pczCZw04,2014
Hugo Miguez & Lindsay Harris Novice Pro-Am Routine Miami Dance Magic 2014,https://www.youtube.com//watch?v=JB4ehembOSE,2014
5th place Routine   Showcase US Open 2014   Gregory Scott & Lemery Rollins,https://www.youtube.com//watch?v=v-521H52Prg,2014
Kristopher Swearingen and Rebecca Ludwick US Open 2014 Classic Finals,https://www.youtube.com//watch?v=QkNOdQd2HB0,2014
1st place Routine - Classic US Open WCS 2014 - Jordan Frisbee & Tatiana Mollmann,https://www.youtube.com//watch?v=jn0nPk3oro8,2014
FOWCS 2014 - The Show - Olivier Massart & Maxime Zzaoui,https://www.youtube.com//watch?v=ObpjmDkIE-s,2014
FOWCS 2014 - Young Adults - John Ribeiro-Santos & Alison Duchatel,https://www.youtube.com//watch?v=XTynh2TEzFU,2014
Parker Dearborn & Melissa Rutz - 2nd Place - 2014 Boogie by the Bay Showcase Division,https://www.youtube.com//watch?v=jf9g4vdCPrY,2014
Maxence Martin & Virginie Grondin - 2014 US Open Classic Division,https://www.youtube.com//watch?v=VFGelelIrqM,2014
11th place Routine - Classic US Open WCS 2014 - Kristopher Swearingen & Rebecca Ludwick,https://www.youtube.com//watch?v=jLtxUOmp-vI,2014
Diego Borges & Jessica Pacheco U S Open 2014 Showcase,https://www.youtube.com//watch?v=t0f-IJPCfIA,2014
Lee Easton & Fabienne Henshall - Classic Finals - 2014 US Open Swing Dance Championships,https://www.youtube.com//watch?v=fUbMn-M_WYo,2014
12th place Routine - Classic US Open WCS 2014 - Demetre Souliotes & Kristen Humphrey,https://www.youtube.com//watch?v=95L5ofi_1ME,2014
10th place Routine - Classic US Open WCS 2014 - Lee Easton & Fabienne Henshall,https://www.youtube.com//watch?v=ynCSoWHfxWw,2014
Ben Morris & Jessica Cox - Halloween Swingthing 2014 Champions Scary Strictly Swing,https://www.youtube.com//watch?v=AkjVa8_64hk,2014
Maxence Martin & Emeline Rochefeuille - EMAX Concept 2014 - WCS choreographic workshop at the SWOB,https://www.youtube.com//watch?v=2JClCEC_0I0,2014
Parker Dearborn & Melissa Rutz Showcase 2014 US Open Swing Dance Championships,https://www.youtube.com//watch?v=e3MkLMQg58c,2014
2nd place Routine - Classic US Open WCS 2014 - Kyle Redd & Sarah Vann Drake,https://www.youtube.com//watch?v=amYf7W4gBlI,2014
6th place Routine - Classic US Open WCS 2014 - Ronnie DeBenedetta & Brandi Tobias,https://www.youtube.com//watch?v=kk1XA33CnK0,2014
Maxence Martin & Torri Smith - 4th Place - 2014 Boogie by the Bay - WCS Champions Jack & Jill,https://www.youtube.com//watch?v=78Ha_IJvQBI,2014
Jordan Frisbee e Tatiana Mollmann U.S Open 2014,https://www.youtube.com//watch?v=juH1MsgjVt4,2014
2014 SDA - Mixed Pro-AM Routine... Corey & Heather,https://www.youtube.com//watch?v=AIJbK6nCgp0,2014
2014 Young America Champions - Nathan Frazier & Lauren Glaub - US Open,https://www.youtube.com//watch?v=H2CVrgfnBnc,2014
5th place Routine - Classic US Open WCS 2014 - Diego Borges & Kellese Key,https://www.youtube.com//watch?v=iEupymUuAL0,2014
Ben McHenry and Cameo Cross 3rd Place Classic US Open Swing Dance Championships 2014,https://www.youtube.com//watch?v=S8R3VU0bgdQ,2014
9th place Routine - Classic US Open WCS 2014 - Sean McKeever & Courtney Adair,https://www.youtube.com//watch?v=DwdnsIcGq30,2014
MADjam 2014 Classic Gary McIntyre & Susan Kirklin,https://www.youtube.com//watch?v=U8v9lE7MWyY,2014
Benji Schwimmer & Torri Smith - US Open WCS 2013 - 1st Place Showcase Division,https://www.youtube.com//watch?v=FIUZrjcUgrI,2013
"Swingsation 2013 - Arjay Centeno, Double Trouble Demo",https://www.youtube.com//watch?v=CGxwMwcT5rg,2013
DCSX 2013 Invitational J&J Arjay Centeno & Trendlyon Veal,https://www.youtube.com//watch?v=3kzcSs5UpkE,2013
Ben Morris & Melissa Rutz - 2013 City of Angels Swing Classic 2nd Place,https://www.youtube.com//watch?v=PYYSosBphbM,2013
"Ben Morris and Jessica Cox - 2013 Halloween Swingthing Champions ""Scary"" Strictly Swing 1st Place",https://www.youtube.com//watch?v=YLsKL5kOFNU,2013
Myles and Tessa 2nd Place US Open Showcase 2013,https://www.youtube.com//watch?v=dUGJaDRY7Z8,2013
2013  Sophisticated  Champions - Barry Jones & Patty Vo  - US Open Swing Dance Championships,https://www.youtube.com//watch?v=rrpNr-YhrNQ,2013
2013 Ceroc Ball - 'Can't Hold Us' West Coast Swing Routine,https://www.youtube.com//watch?v=vNtarTMmBIA,2013
MADjam 2013 Classic Jordan Frisbee & Tatiana Mollmann-Bennett,https://www.youtube.com//watch?v=9F5rfm9_rFk,2013
Michael Kielbasa & Patty Vo Performance - Swingsation 2013,https://www.youtube.com//watch?v=J6OKqJJO_UM,2013
Joshua & Lindsey 2013 US Open Classic Division - 6,https://www.youtube.com//watch?v=6P15eVEhnZA,2013
DCSX 2013 Invitational J&J Markus Smith & Deborah Szekely,https://www.youtube.com//watch?v=XW3yrbEBaPY,2013
Swing Diego 2013 Ben Morris & Jennifer Deluca,https://www.youtube.com//watch?v=wdjJ5r-G-o0,2013
2013 Teams  Champions - Go Dance Swing Team - US Open Swing Dance Championships,https://www.youtube.com//watch?v=trWTHqGePZI,2013
"Maxence Martin, Mary Ann Nunez and Myles Munroe, teachers' impro dance at the Hungarian Open 2013",https://www.youtube.com//watch?v=fDyLWdwPhiU,2013
MADjam 2013 Showcase Robert & Nicola Royston,https://www.youtube.com//watch?v=DHTl-UfH56U,2013
MADjam 2013 Champions J&J Jordan Frisbee & Tatiana Mollmann,https://www.youtube.com//watch?v=Cy1OvZUmhJc,2013
Americas Classic 2013 Classic 1st Place,https://www.youtube.com//watch?v=GUxWUozQrAc,2013
Miguel de Sousa & Yenni Setiawan - 2013 U.S. Open Classic Routine Preview - HD,https://www.youtube.com//watch?v=Hy57SxzOgEw,2013
Melisa Melissa Rutz and Benji Schwimmer dancing at Liberty Swing 2013  Champion J&J,https://www.youtube.com//watch?v=ua81OF4AqMo,2013
2013 Young Adult  Champions - Christopher Dumond & Nicole Clonch - US Open Swing Dance Championships,https://www.youtube.com//watch?v=XA3UBj-ZeKw,2013
MADjam 2013 Classic Joshua Sturgeon & Lindsey Nastos,https://www.youtube.com//watch?v=3Qzqw-wLNOw,2013
Jordan Frisbee e Tatiana Mollmann Us Open 2013,https://www.youtube.com//watch?v=58lLv_KV26w,2013
Ben Morris and Jennifer Deluca Swingdiego 2013 Classic Division Finals,https://www.youtube.com//watch?v=gotUV0-HYcY,2013
Zachary Skinner and Hannah Clonch  US Open 2013,https://www.youtube.com//watch?v=q0UumRWC8lg,2013
Gary McIntyre and Susan Kirklin Classic US Open 2013,https://www.youtube.com//watch?v=x2L9KCLBbj0,2013
Michael Kielbasa & Melissa Rutz - 1st Place - 2013 SF Dance Sensation - WCS Dance Champions Inv J&J,https://www.youtube.com//watch?v=PqawqAO8mmI,2013
American Classic 2013 -  Masters Div - 1st Place - Dave & Judy Megaffin,https://www.youtube.com//watch?v=g1oND7yFjRY,2013
2013 Classic Champions - Jordan & Tatiana - US Open Swing Dance Championships,https://www.youtube.com//watch?v=rHD6oFaEASE,2013
Ben Morris & Melissa Rutz - 2nd Place - 2013 SF Dance Sensation - WCS Champions Strictly Swing HD,https://www.youtube.com//watch?v=zf7wHzABz0w,2013
2013 SHOWCASE Champions  - Benji Schwimmer and Torri Smith - US Open Swing Dance Championships,https://www.youtube.com//watch?v=17qGBc2Ii6k,2013
Chip and Michelle at Americas Classic Rising Star division 2013,https://www.youtube.com//watch?v=5mvDVGj-Wk0,2013
Robert and Nicola Royston Showcase US Open 2013,https://www.youtube.com//watch?v=xOBUMfoB55A,2013
Melissa Rutz and Benji Schwimmer at Liberty 2013 Classic Division,https://www.youtube.com//watch?v=FnI6nIBe9LE,2013
Ben Morris and Jennifer Deluca - 2013 US Open Classic Division Finals,https://www.youtube.com//watch?v=msUJj-9GYJs,2013
MADjam 2013 Rising Star 9 Tze Ming Wee & Dalena Lee,https://www.youtube.com//watch?v=rc-8YQD7JgU,2013
MADjam 2012 Champions Jack & Jill Brennar Goree & Lemery Rollins,https://www.youtube.com//watch?v=fGELN7_5qt8,2012
Maxime Zzaoui & Virginie Perga - Classic US Open 2012 - 5th place,https://www.youtube.com//watch?v=jYQ2IrNhbY4,2012
Dance Louisville's WCS Team - Spring Showcase 2012.wmv,https://www.youtube.com//watch?v=aloNPMAZdLs,2012
"Olivier Massart, Virginie Perga, Maxime Zzaoui & Henriette Koefoed @ WDM European Dance Masters 2012",https://www.youtube.com//watch?v=wJtNV9aevuw,2012
Jennifer DeLuca & Arjay Centeno - 3rd Place - 2012 Boogie by the Bay (BbB) - Classic Division,https://www.youtube.com//watch?v=PSrgcYQnxsg,2012
West coast Swing Routine - Ben Morris & Melissa Rutz Chicago Classic 2012 Classic Division,https://www.youtube.com//watch?v=P1L-Ukk2XCE,2012
Soleman Krebs & Angei Kostoff Rising Star Routine @ WDC 2012 2nd Place,https://www.youtube.com//watch?v=eih-kmMOdus,2012
WOTP 2012 Performance: Maxence & Virginie,https://www.youtube.com//watch?v=luGFUAkOSq8,2012
DCSX 2012 Superstar Arjay Centeno & Double Trouble,https://www.youtube.com//watch?v=fjkoOYkDbec,2012
Brennar and Torri - 2012 West Coast Swing Classic Routine,https://www.youtube.com//watch?v=HKvVCGE3DUg,2012
Michael Kielbasa & Brandy Richey Showcase June 2012 Windsor UK,https://www.youtube.com//watch?v=EbLv6YT_ti4,2012
Ben Morris & Torri Smith 1st Place 2012 US Open Champions Strictly Swing,https://www.youtube.com//watch?v=L4BnxUdZPRw,2012
Ben Morris & Melissa Rutz 1st Place Classic Routine 2012 Boogie by the Bay,https://www.youtube.com//watch?v=RKFtB7PH2W0,2012
2012 US Open Swing Dance Championships -  Cabaret Division Champions,https://www.youtube.com//watch?v=AfE_RPS_HKw,2012
Torri Smith & Matt Auclair (SDA 2012 - Champions Strictly - 1st Place),https://www.youtube.com//watch?v=Q01KioLdybs,2012
Jordan and Tatiana performance 2012 Sydney Latin Festival,https://www.youtube.com//watch?v=jr04t1yiBuY,2012
ProAm WCS Routine. David Goldenberg and Lemery Rollins. Boston. Dec 2012,https://www.youtube.com//watch?v=QJ34f9XgkDA,2012
2012 US Open Swing Dance Championships -  Young Adult (14-17)  Division Champions,https://www.youtube.com//watch?v=UwhTCybxHXo,2012
Sexy And I Know It - West Coast Swing routine @ Nuroc - Best of the Best 2012,https://www.youtube.com//watch?v=wFHEd51qebw,2012
MADjam 2012 Juniors Christopher Dumond & Nicole Clonch.mov,https://www.youtube.com//watch?v=Lx0D2csDKxQ,2012
SOMEBODY THAT I USED TO KNOW - Gotye | Jordan Frisbee & Tatiana Mollmann (West Coast Swing 2012),https://www.youtube.com//watch?v=GjxVxp00zbM,2012
Swingsation 2012 Invitational - Ben Morris and Katrina Ostrenski,https://www.youtube.com//watch?v=w5NduI8qE74,2012
Sabrina Paxmann & Stephen White Orlando 2012,https://www.youtube.com//watch?v=RA3QDP69fBQ,2012
2012 US Open Swing Dance Championships -  Classic Division Champions,https://www.youtube.com//watch?v=q0htEqpnKUE,2012
MADjam 2012 Classic Brennar Goree & Torri Smith.mov,https://www.youtube.com//watch?v=jEJqJ73zJco,2012
2012 Australian Open WCS | Benji Schwimmer & Torri Smith,https://www.youtube.com//watch?v=Q01i8zp-RhI,2012
Jordan & Tatiana - Freestyle @ Nuroc Best of the Best 2012,https://www.youtube.com//watch?v=y9fbBrX_rNc,2012
Myles and Tessa 2nd Place US Open Showcase 2012,https://www.youtube.com//watch?v=rN6vDpSihes,2012
Jordan and Tatiana perform at the 2012 Sydney Latin Festival,https://www.youtube.com//watch?v=iJEBbqJWZxo,2012
Americas Classic 2012 Classic 1st place,https://www.youtube.com//watch?v=PHiX7T4qifU,2012
US Open 2012 Pro-Am Sean McKeever and Trista Eazell,https://www.youtube.com//watch?v=Y9Soz1qaw-Y,2012
Ben Morris & Torri Smith - 1st Place 2012 Phoenix July 4th Champions Strictly Swing,https://www.youtube.com//watch?v=5xvNNqGZQHY,2012
2012 US Open Swing Dance Championships - Showcase Champions,https://www.youtube.com//watch?v=i4yuBICZsAg,2012
World Dance Masters 2011 - Brennar Goree & Torri Smith,https://www.youtube.com//watch?v=_YhWMY1ChWc,2011
Arjay Centeno & Jennifer DeLuca - 2nd Place - 2011 Boogie by the Bay (BbB) - Showcase Division,https://www.youtube.com//watch?v=Y17FrYg6eEY,2011
Showcase Winners - Benji Schwimmer & Torri Smith::2011 US Open Swing Dance Championships,https://www.youtube.com//watch?v=rrdyvApWB90,2011
UPRISING - MUSE | Dancers Jordan Frisbee and Tatiana Mollmann | West Coast Swing (2011),https://www.youtube.com//watch?v=3WYSGEUexbs,2011
Jordan & Tatiana - (Saturday Show) Sydney Salsa Congress 2011.AVI,https://www.youtube.com//watch?v=-QYqSlVSNeo,2011
WDM Manchester 2011 - Showtime: Brandi Tobias & Ronnie de Benedetta,https://www.youtube.com//watch?v=pML4oAHNR1o,2011
Benji Schwimmer and Torri Smith - 2011 USA Grand Nationals NASDE Showcase Division,https://www.youtube.com//watch?v=Ffks9uocQBI,2011
Swing Fling 2011 Superstars Markus Smith & Trendlyn Veal.avi,https://www.youtube.com//watch?v=yLv2t-nKWw8,2011
Classic Winners - Jordan Frisbee & Tatianna Mollmann::2011 US Open Swing Dance Championships,https://www.youtube.com//watch?v=66ME7lIXBSc,2011
Jordan Frisbee & Torri Smith - 3rd Place - 2011 Boogie by the Bay (BbB) - WCS Champions Jack & Jill,https://www.youtube.com//watch?v=ZMFviNbFtJI,2011
Dallas Dance 2011 Showcase Second Place.mpg,https://www.youtube.com//watch?v=0M7gWfcXRoY,2011
World Dance Masters 2011 - Arjay Centeno & Jennifer DeLuca,https://www.youtube.com//watch?v=bcuynM4RKls,2011
Jordan Frisbee & Jessica Cox - 4th Place - 2011 Boogie by the Bay - WCS Dance Champions SS,https://www.youtube.com//watch?v=Dfox1Pv6S0Q,2011
Robert and Nicola Royston - 2011 USA Grand Nationals NASDE Showcase Division,https://www.youtube.com//watch?v=nuVCZQs4t30,2011
Jordan & Tatiana at Sydney Salsa Congress 2011 Friday,https://www.youtube.com//watch?v=5O2AKxmbTTo,2011
Jordan Frisbee & Tatiana Mollmann - 2nd Place - 2010 Boogie by the Bay (BbB) - Classic Division,https://www.youtube.com//watch?v=iXHhebwyfaw,2010
Phoenix Swing 2010 champion J&J winners Jordan Frisbee and Jessica Cox,https://www.youtube.com//watch?v=soBV5RboKFs,2010
SwingDiego 2010 Showcase 1st place winners,https://www.youtube.com//watch?v=pew8jvFYnhU,2010
Ben Morris & Melissa Rutz - US Open West Coast Swing Routine 2010,https://www.youtube.com//watch?v=BdlwpW7oOyU,2010
Jordan Frisbee and Tatiana Molman Classic 2010 - Uprising,https://www.youtube.com//watch?v=5TVEJZlItFI,2010
Robert and Nicola Royston - 2010 USA Grand Nationals Showcase (NASDE),https://www.youtube.com//watch?v=K2EiaonOQzw,2010
Classic Winners 2010 US Open Swing Dance Championships,https://www.youtube.com//watch?v=b4SxKuasHUo,2010
Myles and Tessa 1st Place Showcase Easter Swing 2010,https://www.youtube.com//watch?v=0HRX67tOiiY,2010
West Coast Swing Routine Ryan Crutcher & Malia San Nicolas 2010,https://www.youtube.com//watch?v=St454Z97ZXM,2010
Showcase  Winners 2010 US Open Swing Dance Championships,https://www.youtube.com//watch?v=QX3Nnd4eNzA,2010
Pro Classic 1st Place - 2010 Americas' Classic,https://www.youtube.com//watch?v=7dZ6VgKdIrs,2010
Strictly WCS Winners 2010 US Open Swing Dance Championships,https://www.youtube.com//watch?v=GzNAepA7bjc,2010
Jack & Jill 2010 US Open Swing Dance Championships,https://www.youtube.com//watch?v=ePEagJzHps4,2010
Arjay Centeno & Torri Smith - 2010 Boogie by the Bay (BbB) - WCS Dance Champions Jack & Jill,https://www.youtube.com//watch?v=EbgtGnlJgpw,2010
Boogie by the Bay 2009 Champions Jack & Jill - 1st place - Arjay Centeno & Brandi Tobias,https://www.youtube.com//watch?v=8uwp6sqhDw4,2009
Parker Dearborn & Jessica Cox - 2nd Place - 2009 Boogie by the Bay (BbB) - Showcase Division,https://www.youtube.com//watch?v=6vFi1wgSbMA,2009
Maxence martin et Stacy chiang FINAL j&j seattle 2009 1st place,https://www.youtube.com//watch?v=g9puYC-PVHw,2009
Jordan Frisbee & Tatiana Mollmann - 2009 New Classic Dance Routine,https://www.youtube.com//watch?v=43SrQLFiE84,2009
US Open Swing Dance Championships 2009 - Gary McIntyre and Susan Kirklin,https://www.youtube.com//watch?v=E77fTGwR4iE,2009
Classic Winners - Jordan Frisbee & Tatianna Mollmann::2009 US Open Swing Dance Championships,https://www.youtube.com//watch?v=DRRiz_osFkw,2009
MADjam 2009 Jordan Frisbee & Jessica Cox WCS Jack & Jill contest,https://www.youtube.com//watch?v=kSlRd70F5EI,2009
Winners Young Adult - Brennar Goree & Torri Smith::2009 US Open Swing Dance Championships,https://www.youtube.com//watch?v=uGA3OZc_Iu4,2009
2009 ACC Classic Division 1st Place - Michael Kielbasa and Jennifer DeLuca,https://www.youtube.com//watch?v=jgZns9zRIAw,2009
Showcase Winners - Benji  Schwimmer & Kellese Key ::2009 US Open Swing Dance Championships,https://www.youtube.com//watch?v=4Xgs_727oPY,2009
Edwin Li & Courtney Adair - 2009 Boogie by the Bay (BbB) - Classic Division - Video Vault,https://www.youtube.com//watch?v=yhYIohKIlFM,2009
Myles and Tessa West Coast Swing Showcase 2009,https://www.youtube.com//watch?v=4I1jtya8GFs,2009
Swingdiego 2009 1st place Classic Jordan Frisbee & Tatiana Mollmann,https://www.youtube.com//watch?v=ldcVKTn2Ie4,2009
West Coast Swing | Jordan Frisbee - Tatiana Mollmann | How to save a life | World Cup 2009,https://www.youtube.com//watch?v=2a3RY8UbE0w,2009
MADjam2009 Jordan Frisbee & Tatiana Mollmann Superstar Show,https://www.youtube.com//watch?v=PVYIPPdbhVg,2009
Jonny Dessel & Tara Trafzer 2008 US Open Swing Dance Championships,https://www.youtube.com//watch?v=A_KCvE78aSg,2008
Parker Dearborn & Jessica Cox 2008 US Open Swing Dance Championships,https://www.youtube.com//watch?v=iGM7805i7JQ,2008
2008 Classic Champions Jordan Frisbee & Tatiana Mollmann,https://www.youtube.com//watch?v=ebk2j2SN-rQ,2008
Ben Morris and Melina Ramirez Swingdiego 2008 WCS Routine,https://www.youtube.com//watch?v=DUe8ibVgW3Y,2008
2008 Young Adult Champions Brennar Goree & Torri Smith,https://www.youtube.com//watch?v=NKvcJi7yZO8,2008
Max Kozhevnikov and Yulia Zagoruychenko (2008 Exhibition),https://www.youtube.com//watch?v=fjN3TrtkVy0,2008
Arjay Centeno & Melissa Rutz 2008 US Open Swing Dance Championships,https://www.youtube.com//watch?v=gsiNYM0JJGM,2008
Benji Schwimmer & Kellese Key 2008 US Open Swing Dance Championships,https://www.youtube.com//watch?v=FGXEIYIa_-I,2008
West Coast Swing Myles & Tessa 2008 Showcase,https://www.youtube.com//watch?v=6D1JNgULljg,2008
Jordan Frisbee & Tatiana Mollmann at SSDC 2007,https://www.youtube.com//watch?v=AiR-iiP-XiA,2007
"Ronnie & Brandi, US Open 2007, Classic Finals",https://www.youtube.com//watch?v=s8bEbuzzBa8,2007
MADjam2007 Jordan & Tatiana Classic,https://www.youtube.com//watch?v=340799kbLNA,2007
West Coast Swing Myles & Tessa 2007 Routine,https://www.youtube.com//watch?v=WwcbjF2ugA4,2007
Jordan & Tatiana US Open 2007,https://www.youtube.com//watch?v=9tEW1oJieUY,2007
Dallas D.A.N.C.E. 2007 Classic 1st Place,https://www.youtube.com//watch?v=JwA4RURoh9Q,2007
Classic Divsion Winners - SwingDiego 2007,https://www.youtube.com//watch?v=bB_B_e1y7vc,2007
Atlanta Swing Fling 2007 Kyle Redd & Brandi Tobias,https://www.youtube.com//watch?v=PmSs1CI5DCg,2007
Strictly West Coast - 2007 US Open Swing Dance Championships,https://www.youtube.com//watch?v=_GVCZKMsKb8,2007
Young Adult Winners  - 2007 US Open Swing Championships,https://www.youtube.com//watch?v=WHR63tJNDoo,2007
"Young Adult (13-17) Winners, SwingDiego 2007",https://www.youtube.com//watch?v=H8pRXowU4WM,2007
MADjam2006 Kyle Redd & Sarah Vann Drake 9 to 5,https://www.youtube.com//watch?v=bU5dcEo2B5c,2006
"2006 Capital Swing Showcase Division, 2nd place, Robert & Nicola Royston",https://www.youtube.com//watch?v=piYYkiVThEI,2006
MADjam2006 Jordan Frisbee & Tatiana Mollmann Classic,https://www.youtube.com//watch?v=obX1WQZ5b70,2006
Dallas D.A.N.C.E. 2006 Classic,https://www.youtube.com//watch?v=0CBfYMjmxx8,2006
Ronnie DeBenedetta and Brandi Tobias - 2nd place 2006 Boogie by the Bay  - Classic West Coast Swing,https://www.youtube.com//watch?v=y-oN3htttJE,2006
PUMP IT - BLACK EYED PEAS | Dancers Jordan Frisbee & Tatiana Mollmann | West Coast Swing (2006),https://www.youtube.com//watch?v=fO1DY8fBXv0,2006
Jordan Frisbee & Tatiana Mollmann - 1st Place - 2006 Boogie by the Bay (BbB) - Classic Division,https://www.youtube.com//watch?v=746PXDPy3LU,2006
Classic Division 2005 US Open Swing Dance Championships,https://www.youtube.com//watch?v=N4J8C2Ka-ls,2005
Parker Dearborn & Jessica Cox - 2nd Place - 2005 Boogie by the Bay (BbB) - Showcase Division,https://www.youtube.com//watch?v=KuUnQ3Uq-ww,2005
Jordan Frisbee & Tatiana Mollman - Etta James 2005,https://www.youtube.com//watch?v=IvLjr5hmJc8,2005
Showcase Division 2005 US Open Swing Dance Championships,https://www.youtube.com//watch?v=_C0GzFJGxno,2005
Jordan Frisbee & Tatiana Mollman - San Diego 2004,https://www.youtube.com//watch?v=01QDIBUGrW8,2004
"Edwin Li & Libbat Shaham - Run-around - 4th, US Open Classic Division 2003",https://www.youtube.com//watch?v=nCqX7HLcrAQ,2003
Angel & Debbie Figueroa - 4th Place - Boogie by the Bay 2002,https://www.youtube.com//watch?v=pP7nko06hIc,2002
Benji Schwimmer & Heidi - US Open 2002,https://www.youtube.com//watch?v=lbghGLOyhrY,2002
Jordan Frisbee & Tatiana Molmann - US OPEN 2002- 2ND,https://www.youtube.com//watch?v=6q5gXwjtzms,2002
Edwin Li & Libbat Shaham - Shambala - US Open Classic Division 2002,https://www.youtube.com//watch?v=rbMpbTewtAY,2002
2001 Brent & Kellese US Open.VOB,https://www.youtube.com//watch?v=i5R2r2UW7wY,2001
Benji Schwimmer & Heidi Groskreutz 2001,https://www.youtube.com//watch?v=rjNys5ija8E,2001
Jordan & Tatiana 2001 US Open Swing Dance Championships,https://www.youtube.com//watch?v=bxfdblCvTVc,2001
Jason Colacino & Deborah Szekely - Champions 1st place Jack & Jill 2000,https://www.youtube.com//watch?v=hAu_BmlaIgc,2000
Jordan Frisbee & Tatiana Mollmann 2000 Capital Swing Junior Routine Exhibition,https://www.youtube.com//watch?v=STX8CswmPh4,2000
"Anastacia - Swing Champions, Jordan Frisbee & Tatiana Mollmann perform ""I'm Outta Love"" 2000",https://www.youtube.com//watch?v=76ra86titnQ,2000
Kyle Redd & Sarah Vann Drake- â€œRespectâ€ Showcase 2000 championship routine!,https://www.youtube.com//watch?v=90nqfvTxOqU,2000
Parker Dearborn | Katie Berardino | Showcase | 2000 Grand National Dance Championships | Atlanta,https://www.youtube.com//watch?v=_lr5K78yvnM,2000
Robert & Deborah 2000 US Open - Dance With Me,https://www.youtube.com//watch?v=Xwe3xU0iuSM,2000
Jordan Frisbee & Jessica Cox 1999 Routine Revisit 2014 at midwest westie fest,https://www.youtube.com//watch?v=X-vbi_0ruxw,"1999, 2014"
Parker Dearborn | Kate Berardino | 1999 U.S. Open Swing Dance Championships | Showcase Division,https://www.youtube.com//watch?v=wkodhQw1SG4,1999
Mary Ann Nunez & Robert Cordoba - 1st Place at 1998 CSDC,https://www.youtube.com//watch?v=WKb0ZY8tHKg,1998
Barry Jones & Kellese Key 1998 US Open Super Star Invitational,https://www.youtube.com//watch?v=ZzvGrAKdshs,1998
"Parker Dearborn | Kate Berardino | 1998 US Open | Showcase | Disneyland Hotel | Anaheim, California",https://www.youtube.com//watch?v=5on7ITZXXmM,1998
1997 Robert Royston and Laureen Baldovi-Mason US Open WC Swing Champions 1997,https://www.youtube.com//watch?v=WcLDk7d6w9o,"1997, 1997"
Robert Royston and Laureen Baldovi-Mason 1996 Superstars US Open west coast swing,https://www.youtube.com//watch?v=ehSndNC-iGY,1996
"Carlito Rofoli & Kelly Casanova (Buckwalter) 1995 Capital Swing
Invitational J&J 5th Place",https://www.youtube.com//watch?v=6MzaVoD-wmc,1995
Michael & Amber Cross - Devil in a Blue Dress - 1995 US Open Classic Finals,https://www.youtube.com//watch?v=qZtd7C2-Lwk,1995
Jason Colacino & Sarah Vann - US Open - WCS Young America - 1994,https://www.youtube.com//watch?v=SqOf7bYY8Ss,1994
"Showcase routine, Kevin & Nataliya Kane - 1st place â€œSwing Dance Americaâ€",https://www.youtube.com//watch?v=coFZjjmfqK8,""
West coast swing showcase - Parker Deaborn - Jessica Cox,https://www.youtube.com//watch?v=MPA6QDrh-QA,""
B.B King - Blues in G,https://www.youtube.com//watch?v=fr1ym6P8T0k,""
Beat and Rhythm Explained,https://www.youtube.com//watch?v=9DjoipqbkC8,""
John Kirkconnell & Alyssa Glanville - Demo at KiwiFest,https://www.youtube.com//watch?v=jhSh7G8tuxU,""
John Kirkconnell and Alyssa Glanville - US Open Swing Dance Championships,https://www.youtube.com//watch?v=s5PGOW3cbl8,""
Classic West Coast Swing - Quentin-Emmanuel Delage et Carole Mordelles,https://www.youtube.com//watch?v=J_RArtGaZTo,""
LANCE BASS LACEY SCHWIMMER WEST COAST SWING,https://www.youtube.com//watch?v=GX4IC2HgSJE,""
Michael Kielbasa & Jennifer DeLuca - Classic Division - SEATTLE'S EASTER SWING,https://www.youtube.com//watch?v=uMI3RdhU_NQ,""
So You Think You Can Cabaret ! Benji & Torri,https://www.youtube.com//watch?v=F93EFKP8RUA,""
Michael Kiehm & Brandi 102814,https://www.youtube.com//watch?v=xEKCEoJL_RM,""
Kris and Toro OKC Demo,https://www.youtube.com//watch?v=gbWOyGbwkLU,""
American Style Rhythm Technique,https://www.youtube.com//watch?v=pwr5Rkdkq2A,""
Lacey & Benji Schwimmer,https://www.youtube.com//watch?v=Db5IdwqwcfI,""
West coast swing  - Joshua Mosier - Torri Smith.,https://www.youtube.com//watch?v=PHprKKnVkm8,""
"JT Swing Team - Salt Lake City, Season 3, Varsity Routine at the Salt Flats",https://www.youtube.com//watch?v=imjLRut3rO4,""
US Open Swing Championships Parker Dearborn & Jessica Cox,https://www.youtube.com//watch?v=gzBkdQVSLc8,""
Mario and Samantha Dance at WnY,https://www.youtube.com//watch?v=s4Z24dulA-w,""
Semion Ovsiannikov & Maria Elizarova Improv Demo West Coast Swing 1st Lesson Beginner Course,https://www.youtube.com//watch?v=6tvScW3dJks,""
Jason Colacino and Katie Boyle,https://www.youtube.com//watch?v=fK2JeyGfBiw,""
Brent and Kellese Key Classic Routine,https://www.youtube.com//watch?v=IAQBqSuNevY,""
Adele - Easy On Me (Official Video),https://www.youtube.com//watch?v=U3ASj1L6_sY,""
"Slow Foxtrot Silver Level Choreography | Running Natural Weave, Hover Cross",https://www.youtube.com//watch?v=fAHbMuGEHoU,""
West Coast Swing | Billie Eilish | Christopher Dumond & Chantelle Pianetta | Swingtacular Debut,https://www.youtube.com//watch?v=NFBS_K205KM,""
West Coast Swing. Pavel Katunin & Marina Motronenko (Haze),https://www.youtube.com//watch?v=ZSvvVuGBhL0,""
Rheinmetall Lynx KF41 â€“ Around the world,https://www.youtube.com//watch?v=1etOGCYH85c,""
US Open Swing Championships Brennar Goree & Torri Smith,https://www.youtube.com//watch?v=w-uCUUs6M9g,""
Jordan and Tatiana First US Open Together,https://www.youtube.com//watch?v=Xb3N1iWIHZc,""
Philippe & Flore Berne WEST COAST SWING - Switch Improvisation 22/10/19,https://www.youtube.com//watch?v=bOSdX2hb1UU,""
"Season 1 - Global Online Open - Round 1, Wk 3 -  John and Ariel",https://www.youtube.com//watch?v=TYmy--MQoM0,""
"MADjam08, Classic Jason Barnes & Erica Berg",https://www.youtube.com//watch?v=33ML_Ehfr5E,""
Philippe & Flore Berne,https://www.youtube.com//watch?v=fb9SZX3Wa9c,""
Another Love - Thibault & Nicole Ramirez - Official Video,https://www.youtube.com//watch?v=AzlpVk5AzGU,""
Jason Colacino and Katie Boyle,https://www.youtube.com//watch?v=RKKUr3YY-Kk,""
Robert Cordoba & Deborah Szekely,https://www.youtube.com//watch?v=AiJPX-ez2kw,""
Hieu Le and Natalie Gorg - Classic Routine,https://www.youtube.com//watch?v=lwUhU4K_q2E,""
Ben Moris & Victoria Henk Musicality Workshop on NYC,https://www.youtube.com//watch?v=PI_xFpDaTaQ,""
How To Dance With Confidence | Best Dance Tips | West Coast Swing Online,https://www.youtube.com//watch?v=NitnwyIDwU4,""
Thibault & Nicole - CHOREO CAMP- group 2 Instructor demo,https://www.youtube.com//watch?v=Xmirk82vNrg,""
WIL18/Pro Show/Olivier Massart&Henriette Koefoed Svendsen&Maxime Zzaoui&Torri Zzaoui&John Lindo,https://www.youtube.com//watch?v=aTEyqJ-tQHM,""
Arjay Centeno & Melissa Rutz Showcase West Coast Swing,https://www.youtube.com//watch?v=ZV8y0B2cPo0,""
"Edwin Li & Courtney Adair, ""Need You Tonight"" @ Spotlight",https://www.youtube.com//watch?v=Egrm5rVWSBs,""
John Lindo & Tatiana Mollmann - Capital Swing Dancers,https://www.youtube.com//watch?v=W0xuTpyuN9o,""
pro am routine wcs  showcase Amberly Robinson & Troy Weiss,https://www.youtube.com//watch?v=MbX0AlLJO70,""
TIP 15 (WCS) another cool trick for the social dance floor,https://www.youtube.com//watch?v=jOm6_KpXG7k,""
Sean McKeever & Alyssa Glanville - The Open Classic Division - 5th Place,https://www.youtube.com//watch?v=Xw7-r0mQdpw,""
Jake & Taletha at West Coast Swing London 4,https://www.youtube.com//watch?v=w2M4ZBo1-6s,""
Alyssa Glanville + Sean McKeever - Swing in the Living Room - San Francisco by WYS,https://www.youtube.com//watch?v=-vrCQsI-xy8,""
Part 1. Leo Lorenzo and Exenia Roco ðŸ”¥ Insta: @leolorenzooo & @exeniamusic ðŸ˜Š #dance #westcoastswing,https://www.youtube.com//watch?v=dwudbSFs59o,""
TIP 72 WCSwing Great Patterns,https://www.youtube.com//watch?v=N6uORUN8-EM,""
Arjay Centeno & Melissa Rutz West Coast Swing,https://www.youtube.com//watch?v=daqWdsGJnIw,""
Swing Dancers Ryan Boz and Alexis Garrish win FIRST PLACE US OPEN Young Adult,https://www.youtube.com//watch?v=Zz3iNTJta2A,""
Showcase Torri and Benji 1,https://www.youtube.com//watch?v=kVvyEqiH9Ds,""
3 Minutes : by Benji Schwimmer,https://www.youtube.com//watch?v=ziR3oTHrskw,""
Dave Weiss & Crystal Auclair Spotlight Showcase.m4v,https://www.youtube.com//watch?v=zbhhAp692Ok,""
Easy West Coast Swing Pattern,https://www.youtube.com//watch?v=RX63lE7ErJ8,""
Jordan Frisbee & Tatiana Mollmann,https://www.youtube.com//watch?v=3V_Z30j6wyk,""
TIP 37 WCSwing Advanced Embellishments,https://www.youtube.com//watch?v=Eb5dmyi8Rns,""
"West Coast Swing - Jordan Frisbee & Tatiana Mollmann ""Viva La Vida""",https://www.youtube.com//watch?v=4MmbApsDQ3o,""
Impress Everyone On The Dance Floor By Learning This Fun Move!! - West Coast Swing - Dallas 2.0,https://www.youtube.com//watch?v=kyYpf5ALPVU,""
My private WCS lesson with Maria Bileychik,https://www.youtube.com//watch?v=jsTaCVMNBDo,""
Learn to Dance the Polka,https://www.youtube.com//watch?v=sVnfVUWiBTU,""
MADjam11 Rising Star Michael Stephens & Jamie Callahan.mp4,https://www.youtube.com//watch?v=mxdwcP89fPI,""
Patti & Kenny West Coast Swing Routine,https://www.youtube.com//watch?v=Ir1wsTavXx0,""
West Coast Swing | Gregory Scott + Lemery Rollins | Champions Strictly 2nd Place - Summer Hummer,https://www.youtube.com//watch?v=2WNIFW6qhJI,""
Jordan Frisbee & Tatiana Mollmann History // By Nico Jackson,https://www.youtube.com//watch?v=tZpkogHgR7A,""
Spotlight Dance Celebration Novice Pro Am Routine,https://www.youtube.com//watch?v=SDnkSmz8oHw,""
Lacey & Benji Schwimmer !,https://www.youtube.com//watch?v=sa9h-NWnQmM,""
Browly and Inga UK Westie Bootcamp South,https://www.youtube.com//watch?v=eYeyRtWBNIA,""
Separate Ways,https://www.youtube.com//watch?v=msB9Q1uvmA0,""
Live While We Die Young (One Direction/Ke$ha Mashup),https://www.youtube.com//watch?v=QN0bDKXTYYQ,""
Improv West Coast Swing- Ben Morris & Tatiana Mollmann,https://www.youtube.com//watch?v=1NeO2thdwZU,""
"West Coast Swing Jamming, SLC Utah at the PG Water Tower",https://www.youtube.com//watch?v=LK3K-plinm8,""
West Coast Swing Michael Kielbasa Katrine Brenson Impro,https://www.youtube.com//watch?v=WQW0di5WLVI,""
West Coast Swing Jason Miklic and Sophy Kdep Showcase Champions,https://www.youtube.com//watch?v=sx9MHPItnyk,""
West Coast Swing - Diego Borges and Dalena,https://www.youtube.com//watch?v=Tf9RKTs7v3A,""
Benji & Heidi west Coast Swing  Dance  Workshop,https://www.youtube.com//watch?v=Zq8MdEU2PQI,""
When John Lindo  Met Ramero Gonzales?,https://www.youtube.com//watch?v=dgmsOEbfq7E,""
West Coast Swing Intermediate Routine by Nuroc Dance Company,https://www.youtube.com//watch?v=CjzjUJYl22E,""
Price Tag WCS Team Routine - Raw Connection,https://www.youtube.com//watch?v=3gBHMOiRpLI,""
"JT Swing Team - Salt Lake City, Season 3, JV Routine at the Salt Flats",https://www.youtube.com//watch?v=vYL4JXBTAWw,""
Sydney Salsa Congress 09 Jordan & Tatiana USA,https://www.youtube.com//watch?v=bYd-g3uyLQ4,""
20 Minute Everyday Vinyasa Flow Yoga Class | lululemon,https://www.youtube.com//watch?v=KEYSO-Tc2Go,""
LES BÃ‰BÃ‰S ANIMAUX les plus MIGNONS du MONDE ðŸ¼ðŸ¦Š ABSOLUMENT adorables !,https://www.youtube.com//watch?v=oYpw0T9MAsA,""
MADjam08 Rising Star Ken Negley & Christina Demeola,https://www.youtube.com//watch?v=SmlVTMy_9C0,""
"Matt and Camie Webb, Someone You Loved, WCS Routine",https://www.youtube.com//watch?v=_Ao63xjAc18,""
Jason Colacino and Katie Boyle 3,https://www.youtube.com//watch?v=tiZJT3I7ays,""
Ryan Crutcher & Alyssa Glanville - Jack and Jill O'rama Champions J&J 2nd Place,https://www.youtube.com//watch?v=Y0pzPqfhUes,""
Benji Schwimmer & Lacey Schwimmer - West Coast Swing,https://www.youtube.com//watch?v=gwGR5f3LrN4,""
WCS ALL STARs JnJ First Place Deon & Olga,https://www.youtube.com//watch?v=yv7zz57jlSA,""
WEST COAST SWING DANCE | Hit The Breaks in WCS,https://www.youtube.com//watch?v=6QbqdEOjM-U,""
Myran Webb & Leilani Chase Kauakahi at the Open,https://www.youtube.com//watch?v=VqaKnSFjVjc,""
Jordan & Tatiana  #1 West Coast Dancers,https://www.youtube.com//watch?v=75CbnpcZI8Y,""
Deborah SzÃ©kely &  Mario Robau,https://www.youtube.com//watch?v=St7qd_a_aSw,""
Torri Smith & Joshua Mosier,https://www.youtube.com//watch?v=LO9WSlgIOzg,""
west coast swing Michael Kielbasa et Katrina Branson impro,https://www.youtube.com//watch?v=HZzSDOyzjMQ,""
Intermediate West Coast Swing Pattern,https://www.youtube.com//watch?v=mLnVLeQxmRM,""
Jason Colacino & Tatiana Mollmann,https://www.youtube.com//watch?v=NyxvsoOTb4o,""
West coast swing classic - Jordan Frisbee - Tatiana Mollmann,https://www.youtube.com//watch?v=SMe6a4cs8Yo,""
Advance WCS Workshop - Robert Cordoba,https://www.youtube.com//watch?v=ZKu3v532xcE,""
American Style Rhythm DVIDA Syllabus Advanced I (Silver) West Coast Swing,https://www.youtube.com//watch?v=_nswmyPA9Yg,""
Improv West Coast Swing at Home Semion Ovsiannikov & Maria Elizarova,https://www.youtube.com//watch?v=Wy_ji46_kgs,""
TIP 8 (WCS) Attitude Spin,https://www.youtube.com//watch?v=IWDppq_rdSc,""
Benji Schwimmer  DAncing like  Michael Jackson!,https://www.youtube.com//watch?v=MBQxVz7WP2Y,""
Benji Schwimmer & Heidi Groskreutz,https://www.youtube.com//watch?v=dDApFIiGFDA,""
Arjay Centeno and Melissa Rutz Improv West Coast Swing Dance Demo,https://www.youtube.com//watch?v=Iw8l2iaXkc4,""
"west coast swing, sling shot, bow and arrow",https://www.youtube.com//watch?v=ylKoOdgRdOI,""
Kellese Key & Benji Schwimmer - 1st Place Showcase,https://www.youtube.com//watch?v=M9nd0zDox5I,""
Season 1 - Global Online Open - Round 2 WK 2   John and Ariel,https://www.youtube.com//watch?v=dQGrVPW0--U,""
Jason Colacino and Katie Boyle - Honky Tonk,https://www.youtube.com//watch?v=T7XfKf46iZY,""
Arjay Centeno and Michael Kielbasa,https://www.youtube.com//watch?v=P0nMO1UOo5k,""
Benji Schwimmer & Heidi Groskreutz -  Do You Love Me,https://www.youtube.com//watch?v=lry_ONOR_nw,""
Classic   Ronnie & Brandi,https://www.youtube.com//watch?v=X68nQiagU0Q,""
"Myran Webb and CJ Johnston, Trampoline WCS Routine, at Canyon Edge Dance Classic, Grand Junction, CO",https://www.youtube.com//watch?v=aqSrPh2tjPE,""
"How to Make ""Hit The Road Jack"" (Wolfgang Lohr & Maskarade Remix)",https://www.youtube.com//watch?v=OY8mvmSWNAM,""
Ben Morris and Doug Silton present Jewlander,https://www.youtube.com//watch?v=RqKd-dTSNrY,""
Glenn Ball and Emily Huang West Coast Swing US Open Showcase,https://www.youtube.com//watch?v=tuwUe4vnCKg,""
Mitch and Kelsey's West Coast Swing routine,https://www.youtube.com//watch?v=6Ld6Idl6XuM,""
7 Salsa Inside Turn Variations You Should Know,https://www.youtube.com//watch?v=E6ofN0HpI6Q,""
West Coast Swing Tessa & Ben,https://www.youtube.com//watch?v=Y3i6kyLLB2g,""
Steve and Holly Swingin' New England routine,https://www.youtube.com//watch?v=zDEQ4TdagRg,""
Safe and Sound - Madilyn Bailey (Lyric Video),https://www.youtube.com//watch?v=xL-bj5X8L5I,""
"TIP 32 WCSwing Putting ""Funk"" in your Swing",https://www.youtube.com//watch?v=LoIxl3xE5Zc,""
West Coast Swing Classic Routine Ben Morris & Melina Ramirez,https://www.youtube.com//watch?v=xMaR_KW4y6k,""
Maxence Martin & Emeline Rochefeuille SWOB,https://www.youtube.com//watch?v=RJnlo_WsdO8,""
"West Coast Swing, Dance by Willie Shaw, SLC Utah at the PG Water Tower",https://www.youtube.com//watch?v=Mgyx32ZJloM,""
US Open Swing Championships Jordan Frisbee&Tatiana Mollmann,https://www.youtube.com//watch?v=r98s0tmCsHs,""
"Edwin Li & Courtney Adair, ""Love & the Blues"" @ Spotlight in Sacramento, CA",https://www.youtube.com//watch?v=M6jNnuzw5mI,""
MADjam11 Champions J&J John Lindo & Melissa Rutz.mp4,https://www.youtube.com//watch?v=yEPPvxXVsl0,""
Improv West Coast Swing - Ben Morris & Tessa Cunningham,https://www.youtube.com//watch?v=cTyg2lE95XE,""
erin and brian wcs.MOV,https://www.youtube.com//watch?v=Q3fuzIcySHg,""
MADjam11 classic Jordan Frisbee & Tatiana Mollmann.mp4,https://www.youtube.com//watch?v=bPHBK7chl00,""
Arjay Centeno - Double Trouble with Sarah Vann Drake and Melina Ramirez,https://www.youtube.com//watch?v=ZXYTGlbNYvQ,""
TIP 40 WCSwing Hot Move 1,https://www.youtube.com//watch?v=Vchf_6F7TPw,""
WCS Routine performance 4 3 09,https://www.youtube.com//watch?v=2iN71nivBpA,""
Jason Colacino and Katie Boyle   Honky Tonk,https://www.youtube.com//watch?v=d1nronMY_rA,""
"Gala ""It's Magic"" - Show Professionnel de West Coast Swing avec Carole et Quentin",https://www.youtube.com//watch?v=ppyZQKCwKnU,""
Carpet Cleaning Pads and Bonnets from Challenger,https://www.youtube.com//watch?v=qyQ_D21B8zo,""
Chris & Dawn - WCS Routine,https://www.youtube.com//watch?v=zpKYhklonIo,""
Tessa Cunningham Munroe & Tony Schubert Champions JnJ  Palm Springs Swing Dance Classic,https://www.youtube.com//watch?v=yk8mYwus4aA,""
West Coast Swing Advanced Sweat part1 Merged,https://www.youtube.com//watch?v=hCnTle3ktpc,""
TIP 14  (WCS) A Popular Trick for the social dance floor,https://www.youtube.com//watch?v=n0LoHS3555M,""
West Coast Swing Anchor Variations // WCS Lessons,https://www.youtube.com//watch?v=EMKz0RUHg20,""
Lindy Hop Dance Performance with Surprise Proposal - Anthony Chen & Irina Amzashvili,https://www.youtube.com//watch?v=Zfm--ByjSBc,""
Keerigan Rudd & Mia Primavera - **THE OPEN** Swing Dance Championships,https://www.youtube.com//watch?v=35mqAGmQE9w,""
Myles & Tessa Showcase 1st Place Swing Diego,https://www.youtube.com//watch?v=eRk6vpZN5q0,""
Max&Annie Showcase @ DC eXperience,https://www.youtube.com//watch?v=V-H201pCZuc,""
West Coast Swing Dance Techniques & Tips with Robert & Deborah,https://www.youtube.com//watch?v=1ILsGXNdUlQ,""
"TIP 98 WCS ""Bringing them In""",https://www.youtube.com//watch?v=9ZtyPI9mpAg,""
John & Jessica at Boogie by the Bay.mp4,https://www.youtube.com//watch?v=FYtWPKrcIV0,""
WCS Basic Switches,https://www.youtube.com//watch?v=ypjRAmV7jjA,""
100% Improvised Dance ðŸ”¥ðŸ˜³ Insta: @leolorenzooo & @anna.wallace.731 #dance #westcoastswing #couple,https://www.youtube.com//watch?v=2i0MF_-MzEU,""
Jason Colacino and Katie Boyle Capital Swing,https://www.youtube.com//watch?v=rI1n2Rhk9Tg,""
West Coast Swing -  Jason Barnes & Erica Berg,https://www.youtube.com//watch?v=MJS4QdvoDcM,""
US Open Swing Championships Jordan Frisbee&Tatiana Mollmann,https://www.youtube.com//watch?v=Lvn5UZjsYAU,""
West Coast Swing  - Ben Morris & Cameo McHenry - The US Open Swing Dance Championships Classic 1st,https://www.youtube.com//watch?v=sfCLysB65UI,""
